-- phpMyAdmin SQL Dump
-- version 5.2.0
-- https://www.phpmyadmin.net/
--
-- Host: localhost
-- Generation Time: Dec 17, 2022 at 12:02 PM
-- Server version: 8.0.30
-- PHP Version: 8.1.10

SET SQL_MODE = "NO_AUTO_VALUE_ON_ZERO";
START TRANSACTION;
SET time_zone = "+00:00";


/*!40101 SET @OLD_CHARACTER_SET_CLIENT=@@CHARACTER_SET_CLIENT */;
/*!40101 SET @OLD_CHARACTER_SET_RESULTS=@@CHARACTER_SET_RESULTS */;
/*!40101 SET @OLD_COLLATION_CONNECTION=@@COLLATION_CONNECTION */;
/*!40101 SET NAMES utf8mb4 */;

--
-- Database: `ams-up3-pln`
--

-- --------------------------------------------------------

--
-- Table structure for table `addendums`
--

CREATE TABLE `addendums` (
  `id` bigint UNSIGNED NOT NULL,
  `kontrak_induk_id` bigint UNSIGNED DEFAULT NULL,
  `nomor_addendum` varchar(255) COLLATE utf8mb4_unicode_ci NOT NULL,
  `tanggal_addendum` date NOT NULL,
  `created_at` timestamp NULL DEFAULT NULL,
  `updated_at` timestamp NULL DEFAULT NULL
) ENGINE=InnoDB DEFAULT CHARSET=utf8mb4 COLLATE=utf8mb4_unicode_ci;

--
-- Dumping data for table `addendums`
--

INSERT INTO `addendums` (`id`, `kontrak_induk_id`, `nomor_addendum`, `tanggal_addendum`, `created_at`, `updated_at`) VALUES
(1, 1, '0585.ADD/DAN.01.03/E16100000/2022', '2022-09-28', '2022-12-15 04:49:29', '2022-12-15 04:49:29'),
(2, 2, '0584.ADD/DAN.01.03/E16100000/2022', '2022-09-28', '2022-12-15 04:49:29', '2022-12-15 04:49:29'),
(3, 3, '0587.ADD/DAN.01.03/E16100000/2022', '2022-09-28', '2022-12-15 04:49:29', '2022-12-15 04:49:29'),
(4, 4, '0586.ADD/DAN.01.03/E16100000/2022', '2022-09-28', '2022-12-15 04:49:29', '2022-12-15 04:49:29'),
(5, 5, '0591.ADD/DAN.01.03/E16100000/2022', '2022-09-28', '2022-12-15 04:49:29', '2022-12-15 04:49:29'),
(6, 6, '0588.ADD/DAN.01.03/E16100000/2022', '2022-09-28', '2022-12-15 04:49:29', '2022-12-15 04:49:29'),
(7, 7, '0589.ADD/DAN.01.03/E16100000/2022', '2022-09-28', '2022-12-15 04:49:29', '2022-12-15 04:49:29'),
(8, 8, '0590.ADD/DAN.01.03/E16100000/2022', '2022-09-28', '2022-12-15 04:49:29', '2022-12-15 04:49:29'),
(9, 9, '0592.ADD/DAN.01.03/E16100000/2022', '2022-09-28', '2022-12-15 04:49:29', '2022-12-15 04:49:29'),
(10, 10, '0578.ADD/DAN.01.03/E16100000/2022', '2022-09-28', '2022-12-15 04:49:29', '2022-12-15 04:49:29'),
(11, 11, '0582.ADD/DAN.01.03/E16100000/2022', '2022-09-28', '2022-12-15 04:49:29', '2022-12-15 04:49:29'),
(12, 12, '0576.ADD/DAN.01.03/E16100000/2022', '2022-09-28', '2022-12-15 04:49:29', '2022-12-15 04:49:29'),
(13, 13, '0575.ADD/DAN.01.03/E16100000/2022', '2022-09-28', '2022-12-15 04:49:29', '2022-12-15 04:49:29'),
(14, 14, '0574.ADD/DAN.01.03/E16100000/2022', '2022-09-28', '2022-12-15 04:49:29', '2022-12-15 04:49:29'),
(15, 19, '0580.ADD/DAN.01.03/E16100000/2022', '2022-09-28', '2022-12-15 04:49:29', '2022-12-15 04:49:29'),
(16, 20, '0571.ADD/DAN.01.03/E16100000/2022', '2022-09-28', '2022-12-15 04:49:29', '2022-12-15 04:49:29'),
(17, 22, '0579.ADD/DAN.01.03/E16100000/2022', '2022-09-28', '2022-12-15 04:49:29', '2022-12-15 04:49:29'),
(18, 24, '0569.ADD/DAN.01.03/E16100000/2022', '2022-09-28', '2022-12-15 04:49:29', '2022-12-15 04:49:29'),
(19, 26, '0572.ADD/DAN.01.03/E16100000/2022', '2022-09-28', '2022-12-15 04:49:29', '2022-12-15 04:49:29'),
(20, 27, '0570.ADD/DAN.01.03/E16100000/2022', '2022-09-28', '2022-12-15 04:49:29', '2022-12-15 04:49:29'),
(21, 29, '0583.ADD/DAN.01.03/E16100000/2022', '2022-09-28', '2022-12-15 04:49:29', '2022-12-15 04:49:29'),
(22, 30, '0581.ADD/DAN.01.03/E16100000/2022', '2022-09-28', '2022-12-15 04:49:29', '2022-12-15 04:49:29'),
(23, 31, '0577.ADD/DAN.01.03/E16100000/2022', '2022-09-28', '2022-12-15 04:49:29', '2022-12-15 04:49:29'),
(24, 32, '0573.ADD/DAN.01.03/E16100000/2022', '2022-09-28', '2022-12-15 04:49:29', '2022-12-15 04:49:29');

-- --------------------------------------------------------

--
-- Table structure for table `failed_jobs`
--

CREATE TABLE `failed_jobs` (
  `id` bigint UNSIGNED NOT NULL,
  `uuid` varchar(255) COLLATE utf8mb4_unicode_ci NOT NULL,
  `connection` text COLLATE utf8mb4_unicode_ci NOT NULL,
  `queue` text COLLATE utf8mb4_unicode_ci NOT NULL,
  `payload` longtext COLLATE utf8mb4_unicode_ci NOT NULL,
  `exception` longtext COLLATE utf8mb4_unicode_ci NOT NULL,
  `failed_at` timestamp NOT NULL DEFAULT CURRENT_TIMESTAMP
) ENGINE=InnoDB DEFAULT CHARSET=utf8mb4 COLLATE=utf8mb4_unicode_ci;

-- --------------------------------------------------------

--
-- Table structure for table `hpes`
--

CREATE TABLE `hpes` (
  `id` bigint UNSIGNED NOT NULL,
  `rab_id` bigint UNSIGNED DEFAULT NULL,
  `harga_perkiraan` int NOT NULL,
  `jumlah_harga_perkiraan` int NOT NULL,
  `created_at` timestamp NULL DEFAULT NULL,
  `updated_at` timestamp NULL DEFAULT NULL
) ENGINE=InnoDB DEFAULT CHARSET=utf8mb4 COLLATE=utf8mb4_unicode_ci;

-- --------------------------------------------------------

--
-- Table structure for table `item_rincian_induks`
--

CREATE TABLE `item_rincian_induks` (
  `id` bigint UNSIGNED NOT NULL,
  `khs_id` bigint UNSIGNED DEFAULT NULL,
  `nama_kategori` varchar(255) COLLATE utf8mb4_unicode_ci DEFAULT NULL,
  `created_at` timestamp NULL DEFAULT NULL,
  `updated_at` timestamp NULL DEFAULT NULL
) ENGINE=InnoDB DEFAULT CHARSET=utf8mb4 COLLATE=utf8mb4_unicode_ci;

--
-- Dumping data for table `item_rincian_induks`
--

INSERT INTO `item_rincian_induks` (`id`, `khs_id`, `nama_kategori`, `created_at`, `updated_at`) VALUES
(1, 1, 'Jasa', '2022-12-15 04:45:03', '2022-12-15 04:45:03'),
(2, 2, 'Material', '2022-12-15 04:45:03', '2022-12-15 04:45:03');

-- --------------------------------------------------------

--
-- Table structure for table `khs`
--

CREATE TABLE `khs` (
  `id` bigint UNSIGNED NOT NULL,
  `jenis_khs` varchar(255) COLLATE utf8mb4_unicode_ci NOT NULL,
  `nama_pekerjaan` varchar(255) COLLATE utf8mb4_unicode_ci NOT NULL,
  `created_at` timestamp NULL DEFAULT NULL,
  `updated_at` timestamp NULL DEFAULT NULL
) ENGINE=InnoDB DEFAULT CHARSET=utf8mb4 COLLATE=utf8mb4_unicode_ci;

--
-- Dumping data for table `khs`
--

INSERT INTO `khs` (`id`, `jenis_khs`, `nama_pekerjaan`, `created_at`, `updated_at`) VALUES
(1, 'SP-APP', 'Pengadaan Jasa Konstruksi dan Pemeliharaan SP & APP Dengan Pola Kesepakatan Harga Satuan (KHS) Tahun 2020/2021', '2022-12-15 04:45:03', '2022-12-15 04:45:03'),
(2, 'JTM', 'Pengadaan Jasa Konstruksi dan Pemeliharaan JTM, Gardu Distribusi, JTR Dengan Pola Kesepakatan Harga Satuan (KHS) Tahun 2020/2021', '2022-12-15 04:45:03', '2022-12-15 04:45:03');

-- --------------------------------------------------------

--
-- Table structure for table `kontrak_induks`
--

CREATE TABLE `kontrak_induks` (
  `id` bigint UNSIGNED NOT NULL,
  `khs_id` bigint UNSIGNED DEFAULT NULL,
  `nomor_kontrak_induk` varchar(255) COLLATE utf8mb4_unicode_ci NOT NULL,
  `tanggal_kontrak_induk` date NOT NULL,
  `vendor_id` bigint UNSIGNED DEFAULT NULL,
  `created_at` timestamp NULL DEFAULT NULL,
  `updated_at` timestamp NULL DEFAULT NULL
) ENGINE=InnoDB DEFAULT CHARSET=utf8mb4 COLLATE=utf8mb4_unicode_ci;

--
-- Dumping data for table `kontrak_induks`
--

INSERT INTO `kontrak_induks` (`id`, `khs_id`, `nomor_kontrak_induk`, `tanggal_kontrak_induk`, `vendor_id`, `created_at`, `updated_at`) VALUES
(1, 1, '0029.PJ/DAN.01.04/161000/2020', '2020-04-01', 5, '2022-12-15 04:48:56', '2022-12-15 04:48:56'),
(2, 1, '0028.PJ/DAN.01.04/161000/2020', '2020-04-01', 15, '2022-12-15 04:48:56', '2022-12-15 04:48:56'),
(3, 1, '0032.PJ/DAN.01.04/161000/2020', '2020-04-01', 17, '2022-12-15 04:48:56', '2022-12-15 04:48:56'),
(4, 1, '0030.PJ/DAN.01.04/161000/2020', '2020-04-01', 25, '2022-12-15 04:48:56', '2022-12-15 04:48:56'),
(5, 1, '0037.PJ/DAN.01.04/161000/2020', '2020-04-01', 26, '2022-12-15 04:48:56', '2022-12-15 04:48:56'),
(6, 1, '0034.PJ/DAN.01.04/161000/2020', '2020-04-01', 27, '2022-12-15 04:48:56', '2022-12-15 04:48:56'),
(7, 1, '0035.PJ/DAN.01.04/161000/2020', '2020-04-01', 28, '2022-12-15 04:48:56', '2022-12-15 04:48:56'),
(8, 1, '0036.PJ/DAN.01.04/161000/2020', '2020-04-01', 18, '2022-12-15 04:48:56', '2022-12-15 04:48:56'),
(9, 1, '0038.PJ/DAN.01.04/161000/2020', '2020-04-01', 13, '2022-12-15 04:48:56', '2022-12-15 04:48:56'),
(10, 2, '0016.PJ/DAN.01.04/161000/2020', '2020-04-01', 1, '2022-12-15 04:48:56', '2022-12-15 04:48:56'),
(11, 2, '0021.PJ/DAN.01.04/161000/2020', '2020-04-01', 2, '2022-12-15 04:48:56', '2022-12-15 04:48:56'),
(12, 2, '0013.PJ/DAN.01.04/161000/2020', '2020-04-01', 3, '2022-12-15 04:48:56', '2022-12-15 04:48:56'),
(13, 2, '0012.PJ/DAN.01.04/161000/2020', '2020-04-01', 4, '2022-12-15 04:48:56', '2022-12-15 04:48:56'),
(14, 2, '0009.PJ/DAN.01.04/161000/2020', '2020-04-01', 5, '2022-12-15 04:48:56', '2022-12-15 04:48:56'),
(15, 2, '0010.PJ/DAN.01.04/161000/2020', '2020-04-01', 6, '2022-12-15 04:48:56', '2022-12-15 04:48:56'),
(16, 2, '0022.PJ/DAN.01.04/161000/2020', '2020-04-01', 7, '2022-12-15 04:48:56', '2022-12-15 04:48:56'),
(17, 2, '0027.PJ/DAN.01.04/161000/2020', '2020-04-01', 8, '2022-12-15 04:48:56', '2022-12-15 04:48:56'),
(18, 2, '0026.PJ/DAN.01.04/161000/2020', '2020-04-01', 9, '2022-12-15 04:48:56', '2022-12-15 04:48:56'),
(19, 2, '0019.PJ/DAN.01.04/161000/2020', '2020-04-01', 10, '2022-12-15 04:48:56', '2022-12-15 04:48:56'),
(20, 2, '0006.PJ/DAN.01.04/161000/2020', '2020-04-01', 11, '2022-12-15 04:48:56', '2022-12-15 04:48:56'),
(21, 2, '0011.PJ/DAN.01.04/161000/2020', '2020-04-01', 12, '2022-12-15 04:48:56', '2022-12-15 04:48:56'),
(22, 2, '0018.PJ/DAN.01.04/161000/2020', '2020-04-01', 13, '2022-12-15 04:48:56', '2022-12-15 04:48:56'),
(23, 2, '0017.PJ/DAN.01.04/161000/2020', '2020-04-01', 14, '2022-12-15 04:48:56', '2022-12-15 04:48:56'),
(24, 2, '0004.PJ/DAN.01.04/161000/2020', '2020-04-01', 15, '2022-12-15 04:48:56', '2022-12-15 04:48:56'),
(25, 2, '0024.PJ/DAN.01.04/161000/2020', '2020-04-01', 16, '2022-12-15 04:48:56', '2022-12-15 04:48:56'),
(26, 2, '0007.PJ/DAN.01.04/161000/2020', '2020-04-01', 17, '2022-12-15 04:48:56', '2022-12-15 04:48:56'),
(27, 2, '0005.PJ/DAN.01.04/161000/2020', '2020-04-01', 18, '2022-12-15 04:48:56', '2022-12-15 04:48:56'),
(28, 2, '0025.PJ/DAN.01.04/161000/2020', '2020-04-01', 19, '2022-12-15 04:48:56', '2022-12-15 04:48:56'),
(29, 2, '0023.PJ/DAN.01.04/161000/2020', '2020-04-01', 20, '2022-12-15 04:48:56', '2022-12-15 04:48:56'),
(30, 2, '0020.PJ/DAN.01.04/161000/2020', '2020-04-01', 21, '2022-12-15 04:48:56', '2022-12-15 04:48:56'),
(31, 2, '0014.PJ/DAN.01.04/161000/2020', '2020-04-01', 22, '2022-12-15 04:48:56', '2022-12-15 04:48:56'),
(32, 2, '0008.PJ/DAN.01.04/161000/2020', '2020-04-01', 23, '2022-12-15 04:48:56', '2022-12-15 04:48:56'),
(33, 2, '0015.PJ/DAN.01.04/161000/2020', '2020-04-01', 24, '2022-12-15 04:48:56', '2022-12-15 04:48:56');

-- --------------------------------------------------------

--
-- Table structure for table `lokasis`
--

CREATE TABLE `lokasis` (
  `id` bigint UNSIGNED NOT NULL,
  `rab_id` bigint UNSIGNED NOT NULL,
  `nama_lokasi` text COLLATE utf8mb4_unicode_ci NOT NULL,
  `created_at` timestamp NULL DEFAULT NULL,
  `updated_at` timestamp NULL DEFAULT NULL
) ENGINE=InnoDB DEFAULT CHARSET=utf8mb4 COLLATE=utf8mb4_unicode_ci;

--
-- Dumping data for table `lokasis`
--

INSERT INTO `lokasis` (`id`, `rab_id`, `nama_lokasi`, `created_at`, `updated_at`) VALUES
(1, 1, '1SASJIASASASJKLASKJAJSJKLASJKAS1SASJI ASASASJKLASKJAJSJKLASJKAS1SASJIASASASJKLASK JAJSJKLASJKAS1SASJIASASASJKLASKJAJSJKLASJKAS', '2022-12-15 04:51:33', '2022-12-15 04:51:33'),
(2, 1, '1SASJIASASASJKLASKJAJSJKLASJKAS1SASJI ASASASJKLASKJAJSJKLASJKAS1SASJIASASASJKLASK JAJSJKLASJKAS1SASJIASASASJKLASKJAJSJKLASJKAS 1SASJIASASASJKLASKJAJSJKLASJKAS1SASJI ASASASJKLASKJAJSJKLASJKAS1SASJIASASASJKLASK JAJSJKLASJKAS1SASJIASASASJKLASKJAJSJKLASJKAS', '2022-12-15 04:51:33', '2022-12-15 04:51:33'),
(3, 1, '1SASJIASASASJKLASKJAJSJKLASJKAS1SASJI ASASASJKLASKJAJSJKLASJKAS1SASJIASASASJKLASK JAJSJKLASJKAS1SASJIASASASJKLASKJAJSJKLASJKAS 1SASJIASASASJKLASKJAJSJKLASJKAS1SASJI ASASASJKLASKJAJSJKLASJKAS1SASJIASASASJKLASK JAJSJKLASJKAS1SASJIASASASJKLASKJAJSJKLASJKAS', '2022-12-15 04:51:33', '2022-12-15 04:51:33'),
(4, 2, 'hugjhjnkl', '2022-12-15 04:52:27', '2022-12-15 04:52:27'),
(5, 3, 'sasasasas', '2022-12-15 05:49:57', '2022-12-15 05:49:57'),
(6, 4, 'LOKASI', '2022-12-15 06:03:44', '2022-12-15 06:03:44'),
(7, 4, 'LOKASI2', '2022-12-15 06:03:44', '2022-12-15 06:03:44'),
(8, 4, 'LOKASI3', '2022-12-15 06:03:44', '2022-12-15 06:03:44'),
(9, 5, 'lokasi1', '2022-12-15 06:11:12', '2022-12-15 06:11:12'),
(10, 5, 'lokasi2', '2022-12-15 06:11:12', '2022-12-15 06:11:12'),
(11, 5, 'lokasi3', '2022-12-15 06:11:12', '2022-12-15 06:11:12'),
(12, 6, 'lokasi2', '2022-12-15 06:21:11', '2022-12-15 06:21:11'),
(13, 6, 'lokasi1', '2022-12-15 06:21:11', '2022-12-15 06:21:11'),
(14, 6, 'lokasi3', '2022-12-15 06:21:11', '2022-12-15 06:21:11'),
(15, 7, 'lokasi1', '2022-12-15 06:47:14', '2022-12-15 06:47:14'),
(16, 8, 'sasasa', '2022-12-15 06:53:00', '2022-12-15 06:53:00'),
(17, 9, 'd', '2022-12-15 06:57:23', '2022-12-15 06:57:23'),
(18, 9, 'dd', '2022-12-15 06:57:23', '2022-12-15 06:57:23'),
(19, 10, 'LOKASI 2', '2022-12-15 07:04:53', '2022-12-15 07:04:53'),
(20, 10, 'LOKASI 3', '2022-12-15 07:04:53', '2022-12-15 07:04:53'),
(21, 10, 'LOKASSIII', '2022-12-15 07:04:53', '2022-12-15 07:04:53'),
(22, 11, 'jkasndjkansd', '2022-12-15 07:12:40', '2022-12-15 07:12:40'),
(23, 11, 'smadasd', '2022-12-15 07:12:40', '2022-12-15 07:12:40'),
(24, 11, 'mnsmdbmasdmbawsmnbdmnbasmnbd', '2022-12-15 07:12:40', '2022-12-15 07:12:40'),
(25, 12, 'PEMB. JTR UNTUK PERBAIKAN SR SERI BANYAK KP. PARANGLABBUA KEC. PARANGLOE, GOWA', '2022-12-15 08:10:51', '2022-12-15 08:10:51'),
(26, 12, 'PEMB. JTR UNTUK PERBAIKAN SR SERI BANYAK KP. PARANGLABBUA KEC. PARANGLOE, GOWA', '2022-12-15 08:10:51', '2022-12-15 08:10:51'),
(27, 12, 'PEMB. JTR UNTUK PERBAIKAN SR SERI BANYAK KP. PARANGLABBUA KEC. PARANGLOE, GOWA', '2022-12-15 08:10:51', '2022-12-15 08:10:51'),
(28, 13, 'PEMB. JTR UNTUK PERBAIKAN SR SERI BANYAK KP. PARANGLABBUA KEC. PARANGLOE, GOWA PEMB. JTR UNTUK PERBAIKAN SR SERI BANYAK KP. PARANGLABBUA KEC. PARANGLOE, GOWA PEMB. JTR UNTUK PERBAIKAN SR SERI BANYAK KP. PARANGLABBUA KEC. PARANGLOE, GOWA PEMB. JTR UNTUK PERBAIKAN SR SERI BANYAK KP. PARANGLABBUA KEC. PARANGLOE, GOWA', '2022-12-15 08:16:25', '2022-12-15 08:16:25'),
(29, 14, 'PEMB. JTR UNTUK PERBAIKAN SR SERI BANYAK KP. PARANGLABBUA KEC. PARANGLOE, GOWA PEMB. JTR UNTUK PERBAIKAN SR SERI BANYAK KP. PARANGLABBUA KEC. PARANGLOE, GOWA PEMB. JTR UNTUK PERBAIKAN SR SERI BANYAK KP. PARANGLABBUA KEC. PARANGLOE, GOWA PEMB. JTR UNTUK PERBAIKAN SR SERI BANYAK KP. PARANGLABBUA KEC. PARANGLOE, GOWA', '2022-12-15 08:18:11', '2022-12-15 08:18:11'),
(30, 14, 'PEMB. JTR UNTUK PERBAIKAN SR SERI BANYAK KP. PARANGLABBUA KEC. PARANGLOE, GOWA PEMB. JTR UNTUK PERBAIKAN SR SERI BANYAK KP. PARANGLABBUA KEC. PARANGLOE, GOWA PEMB. JTR UNTUK PERBAIKAN SR SERI BANYAK KP. PARANGLABBUA KEC. PARANGLOE, GOWA PEMB. JTR UNTUK PERBAIKAN SR SERI BANYAK KP. PARANGLABBUA KEC. PARANGLOE, GOWA PEMB. JTR UNTUK PERBAIKAN SR SERI BANYAK KP. PARANGLABBUA KEC. PARANGLOE, GOWA', '2022-12-15 08:18:11', '2022-12-15 08:18:11'),
(31, 14, 'PEMB. JTR UNTUK PERBAIKAN SR SERI BANYAK KP. PARANGLABBUA KEC. PARANGLOE, GOWA PEMB. JTR UNTUK PERBAIKAN SR SERI BANYAK KP. PARANGLABBUA KEC. PARANGLOE, GOWA PEMB. JTR UNTUK PERBAIKAN SR SERI BANYAK KP. PARANGLABBUA KEC. PARANGLOE, GOWA', '2022-12-15 08:18:11', '2022-12-15 08:18:11'),
(32, 14, 'PEMB. JTR UNTUK PERBAIKAN SR SERI BANYAK KP. PARANGLABBUA KEC. PARANGLOE, GOWA PEMB. JTR UNTUK PERBAIKAN SR SERI BANYAK KP. PARANGLABBUA KEC. PARANGLOE, GOWA PEMB. JTR UNTUK PERBAIKAN SR SERI BANYAK KP. PARANGLABBUA KEC. PARANGLOE, GOWA', '2022-12-15 08:18:11', '2022-12-15 08:18:11'),
(33, 14, 'PEMB. JTR UNTUK PERBAIKAN SR SERI BANYAK KP. PARANGLABBUA KEC. PARANGLOE, GOWA PEMB. JTR UNTUK PERBAIKAN SR SERI BANYAK KP. PARANGLABBUA KEC. PARANGLOE, GOWA PEMB. JTR UNTUK PERBAIKAN SR SERI BANYAK KP. PARANGLABBUA KEC. PARANGLOE, GOWA PEMB. JTR UNTUK PERBAIKAN SR SERI BANYAK KP. PARANGLABBUA KEC. PARANGLOE, GOWA', '2022-12-15 08:18:11', '2022-12-15 08:18:11'),
(34, 15, 'PLN ULP Tersebar', '2022-12-15 08:45:51', '2022-12-15 08:45:51'),
(35, 15, 'PLN ULP Panakukkang', '2022-12-15 08:45:51', '2022-12-15 08:45:51'),
(36, 15, 'PLN ULP Mattoanging', '2022-12-15 08:45:51', '2022-12-15 08:45:51'),
(37, 15, 'PLN ULP Sungguminasa', '2022-12-15 08:45:51', '2022-12-15 08:45:51'),
(38, 15, 'PLN ULP Kalibajeng', '2022-12-15 08:45:51', '2022-12-15 08:45:51'),
(39, 16, 'PLN ULP Mattoanging', '2022-12-15 09:05:36', '2022-12-15 09:05:36'),
(40, 16, 'PLN ULP Panakukkang', '2022-12-15 09:05:36', '2022-12-15 09:05:36'),
(41, 16, 'PLN ULP Sungguminasa', '2022-12-15 09:05:36', '2022-12-15 09:05:36'),
(42, 17, 'asasasa', '2022-12-15 12:22:56', '2022-12-15 12:22:56'),
(43, 17, 'asklklasljask', '2022-12-15 12:22:56', '2022-12-15 12:22:56'),
(44, 17, '121212', '2022-12-15 12:22:56', '2022-12-15 12:22:56'),
(45, 18, 'asas', '2022-12-15 13:29:01', '2022-12-15 13:29:01'),
(46, 19, '11121', '2022-12-15 13:34:47', '2022-12-15 13:34:47'),
(47, 20, 'd', '2022-12-15 14:05:50', '2022-12-15 14:05:50'),
(48, 21, 'saasasaa', '2022-12-15 14:08:57', '2022-12-15 14:08:57'),
(49, 22, 'saasasaa', '2022-12-15 14:09:38', '2022-12-15 14:09:38'),
(50, 23, 'ASA', '2022-12-15 14:13:22', '2022-12-15 14:13:22'),
(51, 24, 'ASA', '2022-12-15 14:14:47', '2022-12-15 14:14:47'),
(52, 25, 'SASASSASASASSAAS', '2022-12-15 14:17:43', '2022-12-15 14:17:43'),
(53, 26, 'asasajk', '2022-12-16 00:34:51', '2022-12-16 00:34:51'),
(54, 27, 'ddd', '2022-12-16 01:58:29', '2022-12-16 01:58:29'),
(55, 28, 'sd', '2022-12-16 02:01:21', '2022-12-16 02:01:21'),
(56, 29, 'asa', '2022-12-16 02:02:40', '2022-12-16 02:02:40'),
(57, 30, 'vcdsfdsv', '2022-12-16 02:17:44', '2022-12-16 02:17:44'),
(58, 31, 'HERTASNING', '2022-12-16 08:38:03', '2022-12-16 08:38:03'),
(59, 31, 'PANAKKUKANG', '2022-12-16 08:38:03', '2022-12-16 08:38:03'),
(60, 31, 'ANTANG', '2022-12-16 08:38:03', '2022-12-16 08:38:03'),
(61, 32, 'asa', '2022-12-16 10:15:06', '2022-12-16 10:15:06');

-- --------------------------------------------------------

--
-- Table structure for table `migrations`
--

CREATE TABLE `migrations` (
  `id` int UNSIGNED NOT NULL,
  `migration` varchar(255) COLLATE utf8mb4_unicode_ci NOT NULL,
  `batch` int NOT NULL
) ENGINE=InnoDB DEFAULT CHARSET=utf8mb4 COLLATE=utf8mb4_unicode_ci;

--
-- Dumping data for table `migrations`
--

INSERT INTO `migrations` (`id`, `migration`, `batch`) VALUES
(1, '2014_10_12_000000_create_users_table', 1),
(2, '2014_10_12_100000_create_password_resets_table', 1),
(3, '2019_08_19_000000_create_failed_jobs_table', 1),
(4, '2019_12_14_000001_create_personal_access_tokens_table', 1),
(5, '2022_10_20_020000_create_rincian_induks_table', 1),
(6, '2022_10_20_035013_create_item_rincian_induks_table', 1),
(7, '2022_10_20_052958_create_rabs_table', 1),
(8, '2022_10_26_033543_create_prks_table', 1),
(9, '2022_10_26_033658_create_skks_table', 1),
(10, '2022_11_04_102048_create_hpes_table', 1),
(11, '2022_11_07_091414_create_pejabats_table', 1),
(12, '2022_11_07_092251_create_kontrak_induks_table', 1),
(13, '2022_11_07_095319_create_khs_table', 1),
(14, '2022_11_14_085026_create_vendors_table', 1),
(15, '2022_11_15_135021_create_addendums_table', 1),
(16, '2022_11_15_135042_create_satuans_table', 1),
(17, '2022_11_17_175535_create_redaksis_table', 1),
(18, '2022_11_17_202352_create_order_khs_table', 1),
(19, '2022_12_01_163144_create_non_pos_table', 1),
(20, '2022_12_02_131206_create_rab_non_pos_table', 1),
(21, '2022_12_13_113209_create_lokasis_table', 1),
(22, '2022_12_14_125341_create_order_redaksi_k_h_s_table', 1);

-- --------------------------------------------------------

--
-- Table structure for table `non_pos`
--

CREATE TABLE `non_pos` (
  `id` bigint UNSIGNED NOT NULL,
  `nomor_rpbj` varchar(255) COLLATE utf8mb4_unicode_ci NOT NULL,
  `pekerjaan` varchar(255) COLLATE utf8mb4_unicode_ci NOT NULL,
  `skk_id` bigint UNSIGNED NOT NULL,
  `prk_id` bigint UNSIGNED NOT NULL,
  `kak` varchar(255) COLLATE utf8mb4_unicode_ci NOT NULL,
  `supervisor` varchar(255) COLLATE utf8mb4_unicode_ci NOT NULL,
  `pejabat_id` bigint UNSIGNED NOT NULL,
  `total_harga` double NOT NULL,
  `pdf_file` varchar(255) COLLATE utf8mb4_unicode_ci NOT NULL,
  `created_at` timestamp NULL DEFAULT NULL,
  `updated_at` timestamp NULL DEFAULT NULL
) ENGINE=InnoDB DEFAULT CHARSET=utf8mb4 COLLATE=utf8mb4_unicode_ci;

-- --------------------------------------------------------

--
-- Table structure for table `order_khs`
--

CREATE TABLE `order_khs` (
  `id` bigint UNSIGNED NOT NULL,
  `rab_id` bigint UNSIGNED NOT NULL,
  `kategori_order` varchar(255) COLLATE utf8mb4_unicode_ci NOT NULL,
  `item_order` bigint UNSIGNED NOT NULL,
  `satuan_id` bigint UNSIGNED NOT NULL,
  `harga_satuan` double NOT NULL,
  `volume` double NOT NULL,
  `jumlah_harga` double NOT NULL,
  `created_at` timestamp NULL DEFAULT NULL,
  `updated_at` timestamp NULL DEFAULT NULL
) ENGINE=InnoDB DEFAULT CHARSET=utf8mb4 COLLATE=utf8mb4_unicode_ci;

--
-- Dumping data for table `order_khs`
--

INSERT INTO `order_khs` (`id`, `rab_id`, `kategori_order`, `item_order`, `satuan_id`, `harga_satuan`, `volume`, `jumlah_harga`, `created_at`, `updated_at`) VALUES
(1, 1, 'Jasa', 1, 1, 31980, 22, 703560, '2022-12-15 04:51:33', '2022-12-15 04:51:33'),
(2, 1, 'Jasa', 2, 2, 8890, 12, 106680, '2022-12-15 04:51:33', '2022-12-15 04:51:33'),
(3, 1, 'Jasa', 2, 2, 8890, 2, 17780, '2022-12-15 04:51:33', '2022-12-15 04:51:33'),
(4, 1, 'Jasa', 7, 2, 8890, 2, 17780, '2022-12-15 04:51:33', '2022-12-15 04:51:33'),
(5, 2, 'Jasa', 4, 2, 10660, 3, 31980, '2022-12-15 04:52:27', '2022-12-15 04:52:27'),
(6, 2, 'Jasa', 12, 3, 108880, 2, 217760, '2022-12-15 04:52:27', '2022-12-15 04:52:27'),
(7, 2, 'Jasa', 13, 3, 108880, 2, 217760, '2022-12-15 04:52:27', '2022-12-15 04:52:27'),
(8, 3, 'Jasa', 4, 2, 10660, 2, 21320, '2022-12-15 05:49:57', '2022-12-15 05:49:57'),
(9, 4, 'Jasa', 1, 1, 31980, 1, 31980, '2022-12-15 06:03:44', '2022-12-15 06:03:44'),
(10, 4, 'Jasa', 4, 2, 10660, 2, 21320, '2022-12-15 06:03:44', '2022-12-15 06:03:44'),
(11, 4, 'Jasa', 12, 3, 108880, 3, 326640, '2022-12-15 06:03:44', '2022-12-15 06:03:44'),
(12, 5, 'Material', 145, 3, 47695, 2, 95390, '2022-12-15 06:11:12', '2022-12-15 06:11:12'),
(13, 5, 'Material', 150, 3, 238, 2, 476, '2022-12-15 06:11:12', '2022-12-15 06:11:12'),
(14, 6, 'Jasa', 1, 1, 31980, 222, 7099560, '2022-12-15 06:21:11', '2022-12-15 06:21:11'),
(15, 6, 'Jasa', 5, 3, 45940, 12, 551280, '2022-12-15 06:21:11', '2022-12-15 06:21:11'),
(16, 6, 'Jasa', 14, 3, 108880, 2, 217760, '2022-12-15 06:21:11', '2022-12-15 06:21:11'),
(17, 6, 'Material', 152, 2, 7506, 12, 90072, '2022-12-15 06:21:11', '2022-12-15 06:21:11'),
(18, 6, 'Material', 150, 3, 238, 12, 2856, '2022-12-15 06:21:11', '2022-12-15 06:21:11'),
(19, 6, 'Material', 156, 11, 135246, 12, 1622952, '2022-12-15 06:21:11', '2022-12-15 06:21:11'),
(20, 7, 'Jasa', 2, 2, 8890, 121, 1075690, '2022-12-15 06:47:14', '2022-12-15 06:47:14'),
(21, 7, 'Material', 156, 11, 135246, 12, 1639316766, '2022-12-15 06:47:14', '2022-12-15 06:47:14'),
(22, 8, 'Jasa', 1, 1, 31980, 1, 31980, '2022-12-15 06:53:00', '2022-12-15 06:53:00'),
(23, 8, 'Material', 148, 2, 133487, 12, 1601844, '2022-12-15 06:53:00', '2022-12-15 06:53:00'),
(24, 9, 'Jasa', 6, 1, 63960, 12, 767520, '2022-12-15 06:57:23', '2022-12-15 06:57:23'),
(25, 9, 'Material', 156, 11, 135246, 11, 1487706, '2022-12-15 06:57:23', '2022-12-15 06:57:23'),
(26, 10, 'Jasa', 1, 1, 31980, 122, 3901560, '2022-12-15 07:04:53', '2022-12-15 07:04:53'),
(27, 10, 'Jasa', 15, 3, 177660, 12, 2131920, '2022-12-15 07:04:53', '2022-12-15 07:04:53'),
(28, 10, 'Jasa', 19, 3, 88480, 12, 1061760, '2022-12-15 07:04:53', '2022-12-15 07:04:53'),
(29, 10, 'Jasa', 10, 3, 108880, 12, 1306560, '2022-12-15 07:04:53', '2022-12-15 07:04:53'),
(30, 10, 'Jasa', 14, 3, 108880, 12, 1306560, '2022-12-15 07:04:53', '2022-12-15 07:04:53'),
(31, 10, 'Jasa', 18, 3, 123860, 12, 1486320, '2022-12-15 07:04:53', '2022-12-15 07:04:53'),
(32, 10, 'Jasa', 18, 3, 123860, 12, 1486320, '2022-12-15 07:04:53', '2022-12-15 07:04:53'),
(33, 10, 'Jasa', 58, 3, 54440, 1, 54440, '2022-12-15 07:04:53', '2022-12-15 07:04:53'),
(34, 10, 'Jasa', 67, 3, 44240, 1, 44240, '2022-12-15 07:04:53', '2022-12-15 07:04:53'),
(35, 10, 'Jasa', 79, 2, 26650, 1, 26650, '2022-12-15 07:04:53', '2022-12-15 07:04:53'),
(36, 10, 'Material', 156, 11, 135246, 1, 135246, '2022-12-15 07:04:53', '2022-12-15 07:04:53'),
(37, 10, 'Jasa', 88, 3, 35540, 1, 35540, '2022-12-15 07:04:53', '2022-12-15 07:04:53'),
(38, 10, 'Jasa', 90, 3, 78170, 12, 938040, '2022-12-15 07:04:53', '2022-12-15 07:04:53'),
(39, 10, 'Jasa', 96, 5, 11000, 1, 11000, '2022-12-15 07:04:53', '2022-12-15 07:04:53'),
(40, 10, 'Jasa', 14, 3, 108880, 1, 108880, '2022-12-15 07:04:53', '2022-12-15 07:04:53'),
(41, 10, 'Jasa', 16, 3, 88480, 1, 88480, '2022-12-15 07:04:53', '2022-12-15 07:04:53'),
(42, 10, 'Jasa', 79, 2, 26650, 1, 26650, '2022-12-15 07:04:53', '2022-12-15 07:04:53'),
(43, 10, 'Jasa', 91, 3, 141990, 1, 141990, '2022-12-15 07:04:53', '2022-12-15 07:04:53'),
(44, 10, 'Material', 158, 3, 2507, 1, 2507, '2022-12-15 07:04:53', '2022-12-15 07:04:53'),
(45, 10, 'Material', 157, 3, 3480, 1, 3480, '2022-12-15 07:04:53', '2022-12-15 07:04:53'),
(46, 11, 'Jasa', 10, 3, 108880, 2, 217760, '2022-12-15 07:12:40', '2022-12-15 07:12:40'),
(47, 11, 'Jasa', 11, 3, 108880, 2, 217760, '2022-12-15 07:12:40', '2022-12-15 07:12:40'),
(48, 11, 'Jasa', 12, 3, 108880, 2, 217760, '2022-12-15 07:12:40', '2022-12-15 07:12:40'),
(49, 11, 'Jasa', 13, 3, 108880, 2, 217760, '2022-12-15 07:12:40', '2022-12-15 07:12:40'),
(50, 11, 'Jasa', 14, 3, 108880, 2, 217760, '2022-12-15 07:12:40', '2022-12-15 07:12:40'),
(51, 11, 'Jasa', 15, 3, 177660, 2, 355320, '2022-12-15 07:12:40', '2022-12-15 07:12:40'),
(52, 11, 'Jasa', 16, 3, 88480, 2, 176960, '2022-12-15 07:12:40', '2022-12-15 07:12:40'),
(53, 11, 'Jasa', 17, 3, 88480, 2, 176960, '2022-12-15 07:12:40', '2022-12-15 07:12:40'),
(54, 11, 'Jasa', 18, 3, 123860, 2, 247720, '2022-12-15 07:12:40', '2022-12-15 07:12:40'),
(55, 11, 'Jasa', 27, 3, 2951650, 2, 5903300, '2022-12-15 07:12:40', '2022-12-15 07:12:40'),
(56, 11, 'Jasa', 25, 2, 7110, 2, 14220, '2022-12-15 07:12:40', '2022-12-15 07:12:40'),
(57, 11, 'Jasa', 38, 1, 27580, 2, 55160, '2022-12-15 07:12:40', '2022-12-15 07:12:40'),
(58, 11, 'Jasa', 41, 3, 71980, 2, 143960, '2022-12-15 07:12:40', '2022-12-15 07:12:40'),
(59, 11, 'Jasa', 42, 3, 107970, 2, 215940, '2022-12-15 07:12:40', '2022-12-15 07:12:40'),
(60, 11, 'Jasa', 58, 3, 54440, 2, 108880, '2022-12-15 07:12:40', '2022-12-15 07:12:40'),
(61, 11, 'Jasa', 66, 3, 61930, 2, 123860, '2022-12-15 07:12:40', '2022-12-15 07:12:40'),
(62, 11, 'Material', 120, 2, 29673, 2, 59346, '2022-12-15 07:12:40', '2022-12-15 07:12:40'),
(63, 11, 'Jasa', 54, 1, 31980, 2, 63960, '2022-12-15 07:12:40', '2022-12-15 07:12:40'),
(64, 11, 'Material', 114, 2, 5473, 2, 10946, '2022-12-15 07:12:40', '2022-12-15 07:12:40'),
(65, 11, 'Material', 148, 2, 133487, 2, 266974, '2022-12-15 07:12:40', '2022-12-15 07:12:40'),
(66, 11, 'Jasa', 13, 3, 108880, 2, 217760, '2022-12-15 07:12:40', '2022-12-15 07:12:40'),
(67, 11, 'Jasa', 12, 3, 108880, 2, 217760, '2022-12-15 07:12:40', '2022-12-15 07:12:40'),
(68, 11, 'Jasa', 78, 2, 13330, 2, 26660, '2022-12-15 07:12:40', '2022-12-15 07:12:40'),
(69, 11, 'Material', 143, 3, 9167, 2, 18334, '2022-12-15 07:12:40', '2022-12-15 07:12:40'),
(70, 11, 'Jasa', 12, 3, 108880, 2, 217760, '2022-12-15 07:12:40', '2022-12-15 07:12:40'),
(71, 11, 'Material', 144, 3, 38722, 2, 77444, '2022-12-15 07:12:40', '2022-12-15 07:12:40'),
(72, 11, 'Material', 123, 2, 31874, 2, 63748, '2022-12-15 07:12:40', '2022-12-15 07:12:40'),
(73, 11, 'Material', 109, 2, 25465, 2, 50930, '2022-12-15 07:12:40', '2022-12-15 07:12:40'),
(74, 11, 'Material', 130, 9, 14016, 2, 28032, '2022-12-15 07:12:40', '2022-12-15 07:12:40'),
(75, 11, 'Material', 131, 9, 15541, 2, 31082, '2022-12-15 07:12:40', '2022-12-15 07:12:40'),
(76, 11, 'Jasa', 83, 2, 48860, 2, 97720, '2022-12-15 07:12:40', '2022-12-15 07:12:40'),
(77, 11, 'Jasa', 17, 3, 88480, 2, 176960, '2022-12-15 07:12:40', '2022-12-15 07:12:40'),
(78, 11, 'Jasa', 15, 3, 177660, 2, 355320, '2022-12-15 07:12:40', '2022-12-15 07:12:40'),
(79, 11, 'Jasa', 16, 3, 88480, 2, 176960, '2022-12-15 07:12:40', '2022-12-15 07:12:40'),
(80, 11, 'Jasa', 18, 3, 123860, 2, 247720, '2022-12-15 07:12:40', '2022-12-15 07:12:40'),
(81, 12, 'Jasa', 15, 3, 177660, 2, 355320, '2022-12-15 08:10:51', '2022-12-15 08:10:51'),
(82, 12, 'Jasa', 14, 3, 108880, 22, 2395360, '2022-12-15 08:10:51', '2022-12-15 08:10:51'),
(83, 13, 'Jasa', 1, 1, 31980, 2, 63960, '2022-12-15 08:16:25', '2022-12-15 08:16:25'),
(84, 14, 'Jasa', 1, 1, 31980, 2, 63960, '2022-12-15 08:18:11', '2022-12-15 08:18:11'),
(85, 15, 'Jasa', 1, 1, 31980, 2, 63960, '2022-12-15 08:45:51', '2022-12-15 08:45:51'),
(86, 15, 'Jasa', 2, 2, 8890, 2, 17780, '2022-12-15 08:45:51', '2022-12-15 08:45:51'),
(87, 15, 'Jasa', 3, 2, 12440, 2, 24880, '2022-12-15 08:45:51', '2022-12-15 08:45:51'),
(88, 15, 'Jasa', 4, 2, 10660, 2, 21320, '2022-12-15 08:45:51', '2022-12-15 08:45:51'),
(89, 15, 'Jasa', 5, 3, 45940, 2, 91880, '2022-12-15 08:45:51', '2022-12-15 08:45:51'),
(90, 15, 'Jasa', 6, 1, 63960, 2, 127920, '2022-12-15 08:45:51', '2022-12-15 08:45:51'),
(91, 15, 'Jasa', 7, 2, 8890, 2, 17780, '2022-12-15 08:45:51', '2022-12-15 08:45:51'),
(92, 15, 'Jasa', 8, 2, 24880, 2, 49760, '2022-12-15 08:45:51', '2022-12-15 08:45:51'),
(93, 15, 'Jasa', 9, 2, 17770, 2, 35540, '2022-12-15 08:45:51', '2022-12-15 08:45:51'),
(94, 15, 'Jasa', 10, 3, 108880, 2, 217760, '2022-12-15 08:45:51', '2022-12-15 08:45:51'),
(95, 15, 'Jasa', 11, 3, 108880, 2, 217760, '2022-12-15 08:45:51', '2022-12-15 08:45:51'),
(96, 15, 'Jasa', 13, 3, 108880, 2, 217760, '2022-12-15 08:45:51', '2022-12-15 08:45:51'),
(97, 15, 'Jasa', 13, 3, 108880, 2, 217760, '2022-12-15 08:45:51', '2022-12-15 08:45:51'),
(98, 15, 'Jasa', 14, 3, 108880, 2, 217760, '2022-12-15 08:45:51', '2022-12-15 08:45:51'),
(99, 15, 'Jasa', 15, 3, 177660, 2, 355320, '2022-12-15 08:45:51', '2022-12-15 08:45:51'),
(100, 15, 'Jasa', 16, 3, 88480, 2, 176960, '2022-12-15 08:45:51', '2022-12-15 08:45:51'),
(101, 15, 'Jasa', 17, 3, 88480, 2, 176960, '2022-12-15 08:45:51', '2022-12-15 08:45:51'),
(102, 15, 'Jasa', 19, 3, 88480, 2, 176960, '2022-12-15 08:45:51', '2022-12-15 08:45:51'),
(103, 15, 'Jasa', 20, 2, 118440, 2, 236880, '2022-12-15 08:45:51', '2022-12-15 08:45:51'),
(104, 15, 'Jasa', 21, 2, 222070, 2, 444140, '2022-12-15 08:45:51', '2022-12-15 08:45:51'),
(105, 15, 'Jasa', 25, 2, 7110, 2, 14220, '2022-12-15 08:45:51', '2022-12-15 08:45:51'),
(106, 15, 'Jasa', 26, 2, 9780, 2, 19560, '2022-12-15 08:45:51', '2022-12-15 08:45:51'),
(107, 15, 'Jasa', 27, 3, 2951650, 2, 5903300, '2022-12-15 08:45:51', '2022-12-15 08:45:51'),
(108, 15, 'Jasa', 41, 3, 71980, 2, 143960, '2022-12-15 08:45:51', '2022-12-15 08:45:51'),
(109, 15, 'Jasa', 42, 3, 107970, 2, 215940, '2022-12-15 08:45:51', '2022-12-15 08:45:51'),
(110, 15, 'Jasa', 38, 1, 27580, 2, 55160, '2022-12-15 08:45:51', '2022-12-15 08:45:51'),
(111, 15, 'Jasa', 80, 2, 22210, 2, 44420, '2022-12-15 08:45:51', '2022-12-15 08:45:51'),
(112, 15, 'Jasa', 73, 2, 3560, 2, 7120, '2022-12-15 08:45:51', '2022-12-15 08:45:51'),
(113, 15, 'Jasa', 61, 3, 54440, 2, 108880, '2022-12-15 08:45:51', '2022-12-15 08:45:51'),
(114, 15, 'Jasa', 66, 3, 61930, 2, 123860, '2022-12-15 08:45:51', '2022-12-15 08:45:51'),
(115, 15, 'Jasa', 97, 5, 13200, 2, 26400, '2022-12-15 08:45:51', '2022-12-15 08:45:51'),
(116, 15, 'Jasa', 88, 3, 35540, 2, 71080, '2022-12-15 08:45:51', '2022-12-15 08:45:51'),
(117, 15, 'Jasa', 13, 3, 108880, 2, 217760, '2022-12-15 08:45:51', '2022-12-15 08:45:51'),
(118, 15, 'Jasa', 10, 3, 108880, 2, 217760, '2022-12-15 08:45:51', '2022-12-15 08:45:51'),
(119, 15, 'Jasa', 33, 2, 53300, 2, 106600, '2022-12-15 08:45:51', '2022-12-15 08:45:51'),
(120, 16, 'Jasa', 1, 1, 31980, 2, 63960, '2022-12-15 09:05:36', '2022-12-15 09:05:36'),
(121, 16, 'Jasa', 2, 2, 8890, 2, 17780, '2022-12-15 09:05:36', '2022-12-15 09:05:36'),
(122, 16, 'Jasa', 3, 2, 12440, 2, 24880, '2022-12-15 09:05:36', '2022-12-15 09:05:36'),
(123, 16, 'Jasa', 4, 2, 10660, 2, 21320, '2022-12-15 09:05:36', '2022-12-15 09:05:36'),
(124, 16, 'Jasa', 5, 3, 45940, 2, 91880, '2022-12-15 09:05:36', '2022-12-15 09:05:36'),
(125, 16, 'Jasa', 6, 1, 63960, 2, 127920, '2022-12-15 09:05:36', '2022-12-15 09:05:36'),
(126, 16, 'Jasa', 7, 2, 8890, 2, 17780, '2022-12-15 09:05:36', '2022-12-15 09:05:36'),
(127, 16, 'Jasa', 8, 2, 24880, 2, 49760, '2022-12-15 09:05:36', '2022-12-15 09:05:36'),
(128, 16, 'Jasa', 9, 2, 17770, 2, 35540, '2022-12-15 09:05:36', '2022-12-15 09:05:36'),
(129, 16, 'Jasa', 10, 3, 108880, 2, 217760, '2022-12-15 09:05:36', '2022-12-15 09:05:36'),
(130, 16, 'Jasa', 11, 3, 108880, 2, 217760, '2022-12-15 09:05:36', '2022-12-15 09:05:36'),
(131, 16, 'Jasa', 12, 3, 108880, 2, 217760, '2022-12-15 09:05:36', '2022-12-15 09:05:36'),
(132, 16, 'Jasa', 13, 3, 108880, 2, 217760, '2022-12-15 09:05:36', '2022-12-15 09:05:36'),
(133, 16, 'Jasa', 14, 3, 108880, 2, 217760, '2022-12-15 09:05:36', '2022-12-15 09:05:36'),
(134, 16, 'Jasa', 15, 3, 177660, 2, 355320, '2022-12-15 09:05:36', '2022-12-15 09:05:36'),
(135, 16, 'Jasa', 16, 3, 88480, 2, 176960, '2022-12-15 09:05:36', '2022-12-15 09:05:36'),
(136, 16, 'Jasa', 17, 3, 88480, 2, 176960, '2022-12-15 09:05:36', '2022-12-15 09:05:36'),
(137, 16, 'Jasa', 18, 3, 123860, 2, 247720, '2022-12-15 09:05:36', '2022-12-15 09:05:36'),
(138, 16, 'Jasa', 19, 3, 88480, 2, 176960, '2022-12-15 09:05:36', '2022-12-15 09:05:36'),
(139, 16, 'Jasa', 20, 2, 118440, 2, 236880, '2022-12-15 09:05:36', '2022-12-15 09:05:36'),
(140, 16, 'Jasa', 21, 2, 222070, 2, 444140, '2022-12-15 09:05:36', '2022-12-15 09:05:36'),
(141, 16, 'Jasa', 22, 2, 222070, 2, 444140, '2022-12-15 09:05:36', '2022-12-15 09:05:36'),
(142, 16, 'Jasa', 23, 2, 222070, 2, 444140, '2022-12-15 09:05:36', '2022-12-15 09:05:36'),
(143, 16, 'Jasa', 24, 2, 222070, 2, 444140, '2022-12-15 09:05:36', '2022-12-15 09:05:36'),
(144, 16, 'Jasa', 25, 2, 7110, 2, 14220, '2022-12-15 09:05:36', '2022-12-15 09:05:36'),
(145, 16, 'Jasa', 26, 2, 9780, 2, 19560, '2022-12-15 09:05:36', '2022-12-15 09:05:36'),
(146, 16, 'Jasa', 27, 3, 2951650, 2, 5903300, '2022-12-15 09:05:36', '2022-12-15 09:05:36'),
(147, 16, 'Jasa', 28, 3, 88830, 2, 177660, '2022-12-15 09:05:36', '2022-12-15 09:05:36'),
(148, 16, 'Jasa', 29, 1, 71070, 2, 142140, '2022-12-15 09:05:36', '2022-12-15 09:05:36'),
(149, 16, 'Jasa', 30, 3, 71070, 2, 142140, '2022-12-15 09:05:36', '2022-12-15 09:05:36'),
(150, 16, 'Jasa', 31, 3, 17770, 2, 35540, '2022-12-15 09:05:36', '2022-12-15 09:05:36'),
(151, 16, 'Jasa', 32, 2, 26650, 2, 53300, '2022-12-15 09:05:36', '2022-12-15 09:05:36'),
(152, 16, 'Jasa', 33, 2, 53300, 2, 106600, '2022-12-15 09:05:36', '2022-12-15 09:05:36'),
(153, 16, 'Jasa', 34, 2, 44420, 2, 88840, '2022-12-15 09:05:36', '2022-12-15 09:05:36'),
(154, 16, 'Jasa', 35, 2, 26650, 2, 53300, '2022-12-15 09:05:36', '2022-12-15 09:05:36'),
(155, 16, 'Jasa', 36, 2, 53300, 2, 106600, '2022-12-15 09:05:36', '2022-12-15 09:05:36'),
(156, 16, 'Jasa', 37, 2, 97720, 2, 195440, '2022-12-15 09:05:36', '2022-12-15 09:05:36'),
(157, 16, 'Jasa', 38, 1, 27580, 2, 55160, '2022-12-15 09:05:36', '2022-12-15 09:05:36'),
(158, 16, 'Jasa', 39, 1, 31260, 2, 62520, '2022-12-15 09:05:36', '2022-12-15 09:05:36'),
(159, 16, 'Jasa', 40, 1, 36770, 2, 73540, '2022-12-15 09:05:36', '2022-12-15 09:05:36'),
(160, 16, 'Jasa', 41, 3, 71980, 2, 143960, '2022-12-15 09:05:36', '2022-12-15 09:05:36'),
(161, 16, 'Jasa', 42, 3, 107970, 2, 215940, '2022-12-15 09:05:36', '2022-12-15 09:05:36'),
(162, 16, 'Jasa', 43, 1, 355200, 2, 710400, '2022-12-15 09:05:36', '2022-12-15 09:05:36'),
(163, 16, 'Jasa', 44, 3, 568839, 2, 1137678, '2022-12-15 09:05:36', '2022-12-15 09:05:36'),
(164, 16, 'Jasa', 45, 1, 71980, 2, 143960, '2022-12-15 09:05:36', '2022-12-15 09:05:36'),
(165, 16, 'Jasa', 46, 1, 310800, 2, 621600, '2022-12-15 09:05:36', '2022-12-15 09:05:36'),
(166, 16, 'Jasa', 47, 1, 9510, 2, 19020, '2022-12-15 09:05:36', '2022-12-15 09:05:36'),
(167, 16, 'Jasa', 48, 1, 6160, 2, 12320, '2022-12-15 09:05:36', '2022-12-15 09:05:36'),
(168, 16, 'Jasa', 49, 1, 15990, 2, 31980, '2022-12-15 09:05:36', '2022-12-15 09:05:36'),
(169, 16, 'Jasa', 50, 2, 4450, 2, 8900, '2022-12-15 09:05:36', '2022-12-15 09:05:36'),
(170, 17, 'Jasa', 16, 3, 88480, 121, 10706080, '2022-12-15 12:22:56', '2022-12-15 12:22:56'),
(171, 17, 'Jasa', 69, 2, 111040, 2, 222080, '2022-12-15 12:22:56', '2022-12-15 12:22:56'),
(172, 18, 'Jasa', 3, 2, 12440, 2, 26124, '2022-12-15 13:29:01', '2022-12-15 13:29:01'),
(173, 18, 'Jasa', 18, 3, 123860, 2, 309650, '2022-12-15 13:29:01', '2022-12-15 13:29:01'),
(174, 19, 'Jasa', 1, 1, 31980, 1.5, 47970, '2022-12-15 13:34:47', '2022-12-15 13:34:47'),
(175, 20, 'Jasa', 4, 2, 10660, 12.7, 135382, '2022-12-15 14:05:50', '2022-12-15 14:05:50'),
(176, 21, 'Jasa', 2, 2, 8890, 2.5, 22225, '2022-12-15 14:08:57', '2022-12-15 14:08:57'),
(177, 21, 'Jasa', 18, 3, 123860, 10.8, 1337688, '2022-12-15 14:08:57', '2022-12-15 14:08:57'),
(178, 22, 'Jasa', 2, 2, 8890, 2.5, 22225, '2022-12-15 14:09:38', '2022-12-15 14:09:38'),
(179, 22, 'Jasa', 18, 3, 123860, 10.8, 1337688, '2022-12-15 14:09:38', '2022-12-15 14:09:38'),
(180, 23, 'Jasa', 10, 3, 108880, 1.5, 163320, '2022-12-15 14:13:22', '2022-12-15 14:13:22'),
(181, 23, 'Jasa', 18, 3, 123860, 2.9, 359194, '2022-12-15 14:13:22', '2022-12-15 14:13:22'),
(182, 24, 'Jasa', 10, 3, 108880, 1.5, 163320, '2022-12-15 14:14:47', '2022-12-15 14:14:47'),
(183, 24, 'Jasa', 18, 3, 123860, 2.9, 359194, '2022-12-15 14:14:47', '2022-12-15 14:14:47'),
(184, 25, 'Jasa', 18, 3, 123860, 22.9, 2836394, '2022-12-15 14:17:43', '2022-12-15 14:17:43'),
(185, 25, 'Jasa', 18, 3, 123860, 10.98, 1359983, '2022-12-15 14:17:43', '2022-12-15 14:17:43'),
(186, 26, 'Jasa', 18, 3, 123860, 1000000.134, 123876102, '2022-12-16 00:34:51', '2022-12-16 00:34:51'),
(187, 27, 'Jasa', 15, 3, 177660, 12, 2131920, '2022-12-16 01:58:29', '2022-12-16 01:58:29'),
(188, 28, 'Jasa', 12, 3, 108880, 122.3, 13316024, '2022-12-16 02:01:21', '2022-12-16 02:01:21'),
(189, 29, 'Jasa', 18, 3, 123860, 12, 1486320, '2022-12-16 02:02:40', '2022-12-16 02:02:40'),
(190, 30, 'Jasa', 12, 3, 108880, 2, 217760, '2022-12-16 02:17:44', '2022-12-16 02:17:44'),
(191, 30, 'Jasa', 18, 3, 123860, 2, 247720, '2022-12-16 02:17:44', '2022-12-16 02:17:44'),
(192, 31, 'Jasa', 18, 3, 123860, 20.5, 2539130, '2022-12-16 08:38:03', '2022-12-16 08:38:03'),
(193, 31, 'Jasa', 62, 3, 54440, 10.1, 549844, '2022-12-16 08:38:03', '2022-12-16 08:38:03'),
(194, 32, 'Jasa', 2, 2, 8890, 2, 17780, '2022-12-16 10:15:06', '2022-12-16 10:15:06'),
(195, 32, 'Jasa', 5, 3, 45940, 22, 1010680, '2022-12-16 10:15:06', '2022-12-16 10:15:06'),
(196, 32, 'Jasa', 17, 3, 88480, 22, 1946560, '2022-12-16 10:15:06', '2022-12-16 10:15:06');

-- --------------------------------------------------------

--
-- Table structure for table `order_redaksi_k_h_s`
--

CREATE TABLE `order_redaksi_k_h_s` (
  `id` bigint UNSIGNED NOT NULL,
  `rab_id` bigint UNSIGNED NOT NULL,
  `redaksi_id` bigint UNSIGNED NOT NULL,
  `deskripsi_id` text COLLATE utf8mb4_unicode_ci NOT NULL,
  `sub_deskripsi_id` text COLLATE utf8mb4_unicode_ci,
  `created_at` timestamp NULL DEFAULT NULL,
  `updated_at` timestamp NULL DEFAULT NULL
) ENGINE=InnoDB DEFAULT CHARSET=utf8mb4 COLLATE=utf8mb4_unicode_ci;

--
-- Dumping data for table `order_redaksi_k_h_s`
--

INSERT INTO `order_redaksi_k_h_s` (`id`, `rab_id`, `redaksi_id`, `deskripsi_id`, `sub_deskripsi_id`, `created_at`, `updated_at`) VALUES
(1, 1, 1, 'Rincian Pekerjaan diterbitkan dengan Perintah Kerja dari Manager Unit Layanan Pelanggan.', NULL, '2022-12-15 04:51:33', '2022-12-15 04:51:33'),
(2, 1, 2, 'Surat Perjanjian/Kontrak Rinci jenis Pengadaan Jasa/Pengadaan Jasa dan Material/Supply Erect, pembayaran dilaksanakan sebanyak 2 (dua) tahap, Pembayaran Tahap I sebesar 95% (sembilan puluh lima persen) dari nilai Surat Perjanjian/Kontrak Rinci akan dilakukan setelah semua pekerjaan 100% dilaksanakan dengan cara PIHAK KEDUA mengajukan surat permohonan pembayaran dengan melampirkan dokumen-dokumen sebagai berikut :', 'a. Kwitansi bermaterai cukup;;\r\n            b. Surat Perjanjian/Kontrak Rinci;&\r\n            c. Faktur Pajak, SSP, Copy NPWP, Copy PKP, Copy surat pemberian nomor seri Faktur Pajak;&\r\n            d. Berita Acara Serah Terima Pekerjaan (BASTP 1) yang ditandatangani oleh Para Pihak yang dilampiri dengan Laporan Pemeriksaan Pekerjaan;&\r\n            e. Asli bermaterai Surat Pernyataan Keaslian Barang;&\r\n            f. Asli bermaterai Surat Pernyataan Jaminan Garansi dari PIHAK KEDUA;;\r\n            g. Copy Surat Perjanjian/Kontrak;&\r\n            h. Berita acara khusus apabila ada pekerjaan yang dilaksanakan diluar jam kerja;&\r\n            i. Bukti pembayaran iuran BPJS Ketenagakerjaan.', '2022-12-15 04:51:33', '2022-12-15 04:51:33'),
(3, 1, 3, 'Pembayaran Tahap II sebesar 5% (lima persen) dari nilai Perjanjian/Kontrak akan dilakukan setelah selesainya masa pemeliharaan  berakhir yang dibuktikan dengan Berita Acara Serah Terima Pekerjaan Tahap II dan PIHAK KEDUA mengajukan Surat Permintaan pembayaran yang dilampiri dengan dokumen-dokumen sebagai berikut :', 'a. Kwitansi bermaterai cukup;;\n            b. Copy Surat Perjanjian/Kontrak Rinci;;\n            c. Foto Copy Surat Perjanjian/Kontrak;;\n            d. Faktur Pajak, SSP, Copy NPWP, Copy PKP/, Copy surat pemberian nomor seri Faktur Pajak;;\n            e. Berita Acara Serah Terima Pekerjaan Tahap II (BASTP II).', '2022-12-15 04:51:33', '2022-12-15 04:51:33'),
(4, 1, 4, 'Realisasi pekerjaan disampaikan kepada Direksi dan Pengawas pekerjaan paling lambat 3 minggu sebelum masa SPBJ/PO berakhir. Jika kuota belum terpenuhi maka melaporkan surat permohonan Addendum dan jika jumlah realisasi kuota telah mencapai 90% maka dapat melakukan penagihan sesuai prosedur untuk dibuatkan SPBJ/PO selanjutnya.', NULL, '2022-12-15 04:51:33', '2022-12-15 04:51:33'),
(5, 1, 5, 'Sebelum melakukan pekerjaan agar berkoordinasi dengan ULP terkait sebagai tindak lanjut monitoring jadwal padam, K3L, dan hal lain yang menjadi perhatian.', NULL, '2022-12-15 04:51:33', '2022-12-15 04:51:33'),
(6, 2, 3, 'Pembayaran Tahap II sebesar 5% (lima persen) dari nilai Perjanjian/Kontrak akan dilakukan setelah selesainya masa pemeliharaan  berakhir yang dibuktikan dengan Berita Acara Serah Terima Pekerjaan Tahap II dan PIHAK KEDUA mengajukan Surat Permintaan pembayaran yang dilampiri dengan dokumen-dokumen sebagai berikut :', 'a. Kwitansi bermaterai cukup;;\n            b. Copy Surat Perjanjian/Kontrak Rinci;;\n            c. Foto Copy Surat Perjanjian/Kontrak;;\n            d. Faktur Pajak, SSP, Copy NPWP, Copy PKP/, Copy surat pemberian nomor seri Faktur Pajak;;\n            e. Berita Acara Serah Terima Pekerjaan Tahap II (BASTP II).', '2022-12-15 04:52:27', '2022-12-15 04:52:27'),
(7, 3, 1, 'Rincian Pekerjaan diterbitkan dengan Perintah Kerja dari Manager Unit Layanan Pelanggan.', NULL, '2022-12-15 05:49:57', '2022-12-15 05:49:57'),
(8, 3, 2, 'Surat Perjanjian/Kontrak Rinci jenis Pengadaan Jasa/Pengadaan Jasa dan Material/Supply Erect, pembayaran dilaksanakan sebanyak 2 (dua) tahap, Pembayaran Tahap I sebesar 95% (sembilan puluh lima persen) dari nilai Surat Perjanjian/Kontrak Rinci akan dilakukan setelah semua pekerjaan 100% dilaksanakan dengan cara PIHAK KEDUA mengajukan surat permohonan pembayaran dengan melampirkan dokumen-dokumen sebagai berikut :', 'a. Kwitansi bermaterai cukup;;\n            b. Surat Perjanjian/Kontrak Rinci;;\n            c. Faktur Pajak, SSP, Copy NPWP, Copy PKP, Copy surat pemberian nomor seri Faktur Pajak;;\n            d. Berita Acara Serah Terima Pekerjaan (BASTP 1) yang ditandatangani oleh Para Pihak yang dilampiri dengan Laporan Pemeriksaan Pekerjaan;;\n            e. Asli bermaterai Surat Pernyataan Keaslian Barang;;\n            f. Asli bermaterai Surat Pernyataan Jaminan Garansi dari PIHAK KEDUA;;\n            g. Copy Surat Perjanjian/Kontrak;;\n            h. Berita acara khusus apabila ada pekerjaan yang dilaksanakan diluar jam kerja;;\n            i. Bukti pembayaran iuran BPJS Ketenagakerjaan.', '2022-12-15 05:49:57', '2022-12-15 05:49:57'),
(9, 4, 1, 'Rincian Pekerjaan diterbitkan dengan Perintah Kerja dari Manager Unit Layanan Pelanggan.', NULL, '2022-12-15 06:03:44', '2022-12-15 06:03:44'),
(10, 4, 4, 'Realisasi pekerjaan disampaikan kepada Direksi dan Pengawas pekerjaan paling lambat 3 minggu sebelum masa SPBJ/PO berakhir. Jika kuota belum terpenuhi maka melaporkan surat permohonan Addendum dan jika jumlah realisasi kuota telah mencapai 90% maka dapat melakukan penagihan sesuai prosedur untuk dibuatkan SPBJ/PO selanjutnya.', NULL, '2022-12-15 06:03:44', '2022-12-15 06:03:44'),
(11, 4, 2, 'Surat Perjanjian/Kontrak Rinci jenis Pengadaan Jasa/Pengadaan Jasa dan Material/Supply Erect, pembayaran dilaksanakan sebanyak 2 (dua) tahap, Pembayaran Tahap I sebesar 95% (sembilan puluh lima persen) dari nilai Surat Perjanjian/Kontrak Rinci akan dilakukan setelah semua pekerjaan 100% dilaksanakan dengan cara PIHAK KEDUA mengajukan surat permohonan pembayaran dengan melampirkan dokumen-dokumen sebagai berikut :', 'a. Kwitansi bermaterai cukup;;\n            b. Surat Perjanjian/Kontrak Rinci;;\n            c. Faktur Pajak, SSP, Copy NPWP, Copy PKP, Copy surat pemberian nomor seri Faktur Pajak;;\n            d. Berita Acara Serah Terima Pekerjaan (BASTP 1) yang ditandatangani oleh Para Pihak yang dilampiri dengan Laporan Pemeriksaan Pekerjaan;;\n            e. Asli bermaterai Surat Pernyataan Keaslian Barang;;\n            f. Asli bermaterai Surat Pernyataan Jaminan Garansi dari PIHAK KEDUA;;\n            g. Copy Surat Perjanjian/Kontrak;;\n            h. Berita acara khusus apabila ada pekerjaan yang dilaksanakan diluar jam kerja;;\n            i. Bukti pembayaran iuran BPJS Ketenagakerjaan.', '2022-12-15 06:03:44', '2022-12-15 06:03:44'),
(12, 5, 2, 'Surat Perjanjian/Kontrak Rinci jenis Pengadaan Jasa/Pengadaan Jasa dan Material/Supply Erect, pembayaran dilaksanakan sebanyak 2 (dua) tahap, Pembayaran Tahap I sebesar 95% (sembilan puluh lima persen) dari nilai Surat Perjanjian/Kontrak Rinci akan dilakukan setelah semua pekerjaan 100% dilaksanakan dengan cara PIHAK KEDUA mengajukan surat permohonan pembayaran dengan melampirkan dokumen-dokumen sebagai berikut :', 'a. Kwitansi bermaterai cukup;;\n            b. Surat Perjanjian/Kontrak Rinci;;\n            c. Faktur Pajak, SSP, Copy NPWP, Copy PKP, Copy surat pemberian nomor seri Faktur Pajak;;\n            d. Berita Acara Serah Terima Pekerjaan (BASTP 1) yang ditandatangani oleh Para Pihak yang dilampiri dengan Laporan Pemeriksaan Pekerjaan;;\n            e. Asli bermaterai Surat Pernyataan Keaslian Barang;;\n            f. Asli bermaterai Surat Pernyataan Jaminan Garansi dari PIHAK KEDUA;;\n            g. Copy Surat Perjanjian/Kontrak;;\n            h. Berita acara khusus apabila ada pekerjaan yang dilaksanakan diluar jam kerja;;\n            i. Bukti pembayaran iuran BPJS Ketenagakerjaan.', '2022-12-15 06:11:12', '2022-12-15 06:11:12'),
(13, 6, 3, 'Pembayaran Tahap II sebesar 5% (lima persen) dari nilai Perjanjian/Kontrak akan dilakukan setelah selesainya masa pemeliharaan  berakhir yang dibuktikan dengan Berita Acara Serah Terima Pekerjaan Tahap II dan PIHAK KEDUA mengajukan Surat Permintaan pembayaran yang dilampiri dengan dokumen-dokumen sebagai berikut :', 'a. Kwitansi bermaterai cukup;;\n            b. Copy Surat Perjanjian/Kontrak Rinci;;\n            c. Foto Copy Surat Perjanjian/Kontrak;;\n            d. Faktur Pajak, SSP, Copy NPWP, Copy PKP/, Copy surat pemberian nomor seri Faktur Pajak;;\n            e. Berita Acara Serah Terima Pekerjaan Tahap II (BASTP II).', '2022-12-15 06:21:11', '2022-12-15 06:21:11'),
(14, 6, 4, 'Realisasi pekerjaan disampaikan kepada Direksi dan Pengawas pekerjaan paling lambat 3 minggu sebelum masa SPBJ/PO berakhir. Jika kuota belum terpenuhi maka melaporkan surat permohonan Addendum dan jika jumlah realisasi kuota telah mencapai 90% maka dapat melakukan penagihan sesuai prosedur untuk dibuatkan SPBJ/PO selanjutnya.', NULL, '2022-12-15 06:21:11', '2022-12-15 06:21:11'),
(15, 7, 1, 'Rincian Pekerjaan diterbitkan dengan Perintah Kerja dari Manager Unit Layanan Pelanggan.', NULL, '2022-12-15 06:47:14', '2022-12-15 06:47:14'),
(16, 8, 4, 'Realisasi pekerjaan disampaikan kepada Direksi dan Pengawas pekerjaan paling lambat 3 minggu sebelum masa SPBJ/PO berakhir. Jika kuota belum terpenuhi maka melaporkan surat permohonan Addendum dan jika jumlah realisasi kuota telah mencapai 90% maka dapat melakukan penagihan sesuai prosedur untuk dibuatkan SPBJ/PO selanjutnya.', NULL, '2022-12-15 06:53:00', '2022-12-15 06:53:00'),
(17, 8, 1, 'Rincian Pekerjaan diterbitkan dengan Perintah Kerja dari Manager Unit Layanan Pelanggan.', NULL, '2022-12-15 06:53:00', '2022-12-15 06:53:00'),
(18, 9, 2, 'Surat Perjanjian/Kontrak Rinci jenis Pengadaan Jasa/Pengadaan Jasa dan Material/Supply Erect, pembayaran dilaksanakan sebanyak 2 (dua) tahap, Pembayaran Tahap I sebesar 95% (sembilan puluh lima persen) dari nilai Surat Perjanjian/Kontrak Rinci akan dilakukan setelah semua pekerjaan 100% dilaksanakan dengan cara PIHAK KEDUA mengajukan surat permohonan pembayaran dengan melampirkan dokumen-dokumen sebagai berikut :', 'a. Kwitansi bermaterai cukup;;\n            b. Surat Perjanjian/Kontrak Rinci;;\n            c. Faktur Pajak, SSP, Copy NPWP, Copy PKP, Copy surat pemberian nomor seri Faktur Pajak;;\n            d. Berita Acara Serah Terima Pekerjaan (BASTP 1) yang ditandatangani oleh Para Pihak yang dilampiri dengan Laporan Pemeriksaan Pekerjaan;;\n            e. Asli bermaterai Surat Pernyataan Keaslian Barang;;\n            f. Asli bermaterai Surat Pernyataan Jaminan Garansi dari PIHAK KEDUA;;\n            g. Copy Surat Perjanjian/Kontrak;;\n            h. Berita acara khusus apabila ada pekerjaan yang dilaksanakan diluar jam kerja;;\n            i. Bukti pembayaran iuran BPJS Ketenagakerjaan.', '2022-12-15 06:57:23', '2022-12-15 06:57:23'),
(19, 10, 1, 'Rincian Pekerjaan diterbitkan dengan Perintah Kerja dari Manager Unit Layanan Pelanggan.', NULL, '2022-12-15 07:04:53', '2022-12-15 07:04:53'),
(20, 10, 2, 'Surat Perjanjian/Kontrak Rinci jenis Pengadaan Jasa/Pengadaan Jasa dan Material/Supply Erect, pembayaran dilaksanakan sebanyak 2 (dua) tahap, Pembayaran Tahap I sebesar 95% (sembilan puluh lima persen) dari nilai Surat Perjanjian/Kontrak Rinci akan dilakukan setelah semua pekerjaan 100% dilaksanakan dengan cara PIHAK KEDUA mengajukan surat permohonan pembayaran dengan melampirkan dokumen-dokumen sebagai berikut :', 'a. Kwitansi bermaterai cukup;;\n            b. Surat Perjanjian/Kontrak Rinci;;\n            c. Faktur Pajak, SSP, Copy NPWP, Copy PKP, Copy surat pemberian nomor seri Faktur Pajak;;\n            d. Berita Acara Serah Terima Pekerjaan (BASTP 1) yang ditandatangani oleh Para Pihak yang dilampiri dengan Laporan Pemeriksaan Pekerjaan;;\n            e. Asli bermaterai Surat Pernyataan Keaslian Barang;;\n            f. Asli bermaterai Surat Pernyataan Jaminan Garansi dari PIHAK KEDUA;;\n            g. Copy Surat Perjanjian/Kontrak;;\n            h. Berita acara khusus apabila ada pekerjaan yang dilaksanakan diluar jam kerja;;\n            i. Bukti pembayaran iuran BPJS Ketenagakerjaan.', '2022-12-15 07:04:53', '2022-12-15 07:04:53'),
(21, 10, 4, 'Realisasi pekerjaan disampaikan kepada Direksi dan Pengawas pekerjaan paling lambat 3 minggu sebelum masa SPBJ/PO berakhir. Jika kuota belum terpenuhi maka melaporkan surat permohonan Addendum dan jika jumlah realisasi kuota telah mencapai 90% maka dapat melakukan penagihan sesuai prosedur untuk dibuatkan SPBJ/PO selanjutnya.', NULL, '2022-12-15 07:04:53', '2022-12-15 07:04:53'),
(22, 11, 4, 'Realisasi pekerjaan disampaikan kepada Direksi dan Pengawas pekerjaan paling lambat 3 minggu sebelum masa SPBJ/PO berakhir. Jika kuota belum terpenuhi maka melaporkan surat permohonan Addendum dan jika jumlah realisasi kuota telah mencapai 90% maka dapat melakukan penagihan sesuai prosedur untuk dibuatkan SPBJ/PO selanjutnya.', NULL, '2022-12-15 07:12:40', '2022-12-15 07:12:40'),
(23, 12, 3, 'Pembayaran Tahap II sebesar 5% (lima persen) dari nilai Perjanjian/Kontrak akan dilakukan setelah selesainya masa pemeliharaan  berakhir yang dibuktikan dengan Berita Acara Serah Terima Pekerjaan Tahap II dan PIHAK KEDUA mengajukan Surat Permintaan pembayaran yang dilampiri dengan dokumen-dokumen sebagai berikut :', 'a. Kwitansi bermaterai cukup;;\n            b. Copy Surat Perjanjian/Kontrak Rinci;;\n            c. Foto Copy Surat Perjanjian/Kontrak;;\n            d. Faktur Pajak, SSP, Copy NPWP, Copy PKP/, Copy surat pemberian nomor seri Faktur Pajak;;\n            e. Berita Acara Serah Terima Pekerjaan Tahap II (BASTP II).', '2022-12-15 08:10:51', '2022-12-15 08:10:51'),
(24, 12, 2, 'Surat Perjanjian/Kontrak Rinci jenis Pengadaan Jasa/Pengadaan Jasa dan Material/Supply Erect, pembayaran dilaksanakan sebanyak 2 (dua) tahap, Pembayaran Tahap I sebesar 95% (sembilan puluh lima persen) dari nilai Surat Perjanjian/Kontrak Rinci akan dilakukan setelah semua pekerjaan 100% dilaksanakan dengan cara PIHAK KEDUA mengajukan surat permohonan pembayaran dengan melampirkan dokumen-dokumen sebagai berikut :', 'a. Kwitansi bermaterai cukup;;\n            b. Surat Perjanjian/Kontrak Rinci;;\n            c. Faktur Pajak, SSP, Copy NPWP, Copy PKP, Copy surat pemberian nomor seri Faktur Pajak;;\n            d. Berita Acara Serah Terima Pekerjaan (BASTP 1) yang ditandatangani oleh Para Pihak yang dilampiri dengan Laporan Pemeriksaan Pekerjaan;;\n            e. Asli bermaterai Surat Pernyataan Keaslian Barang;;\n            f. Asli bermaterai Surat Pernyataan Jaminan Garansi dari PIHAK KEDUA;;\n            g. Copy Surat Perjanjian/Kontrak;;\n            h. Berita acara khusus apabila ada pekerjaan yang dilaksanakan diluar jam kerja;;\n            i. Bukti pembayaran iuran BPJS Ketenagakerjaan.', '2022-12-15 08:10:51', '2022-12-15 08:10:51'),
(25, 12, 4, 'Realisasi pekerjaan disampaikan kepada Direksi dan Pengawas pekerjaan paling lambat 3 minggu sebelum masa SPBJ/PO berakhir. Jika kuota belum terpenuhi maka melaporkan surat permohonan Addendum dan jika jumlah realisasi kuota telah mencapai 90% maka dapat melakukan penagihan sesuai prosedur untuk dibuatkan SPBJ/PO selanjutnya.', NULL, '2022-12-15 08:10:51', '2022-12-15 08:10:51'),
(26, 13, 1, 'Rincian Pekerjaan diterbitkan dengan Perintah Kerja dari Manager Unit Layanan Pelanggan.', NULL, '2022-12-15 08:16:25', '2022-12-15 08:16:25'),
(27, 14, 1, 'Rincian Pekerjaan diterbitkan dengan Perintah Kerja dari Manager Unit Layanan Pelanggan.', NULL, '2022-12-15 08:18:11', '2022-12-15 08:18:11'),
(28, 15, 4, 'Realisasi pekerjaan disampaikan kepada Direksi dan Pengawas pekerjaan paling lambat 3 minggu sebelum masa SPBJ/PO berakhir. Jika kuota belum terpenuhi maka melaporkan surat permohonan Addendum dan jika jumlah realisasi kuota telah mencapai 90% maka dapat melakukan penagihan sesuai prosedur untuk dibuatkan SPBJ/PO selanjutnya.', NULL, '2022-12-15 08:45:51', '2022-12-15 08:45:51'),
(29, 16, 1, 'Rincian Pekerjaan diterbitkan dengan Perintah Kerja dari Manager Unit Layanan Pelanggan.', NULL, '2022-12-15 09:05:36', '2022-12-15 09:05:36'),
(30, 16, 2, 'Surat Perjanjian/Kontrak Rinci jenis Pengadaan Jasa/Pengadaan Jasa dan Material/Supply Erect, pembayaran dilaksanakan sebanyak 2 (dua) tahap, Pembayaran Tahap I sebesar 95% (sembilan puluh lima persen) dari nilai Surat Perjanjian/Kontrak Rinci akan dilakukan setelah semua pekerjaan 100% dilaksanakan dengan cara PIHAK KEDUA mengajukan surat permohonan pembayaran dengan melampirkan dokumen-dokumen sebagai berikut :', 'a. Kwitansi bermaterai cukup;&\r\n            b. Surat Perjanjian/Kontrak Rinci;&\r\n            c. Faktur Pajak, SSP, Copy NPWP, Copy PKP, Copy surat pemberian nomor seri Faktur Pajak;&\r\n            d. Berita Acara Serah Terima Pekerjaan (BASTP 1) yang ditandatangani oleh Para Pihak yang dilampiri dengan Laporan Pemeriksaan Pekerjaan;&\r\n            e. Asli bermaterai Surat Pernyataan Keaslian Barang;&\r\n            f. Asli bermaterai Surat Pernyataan Jaminan Garansi dari PIHAK KEDUA;&\r\n            g. Copy Surat Perjanjian/Kontrak;&\r\n            h. Berita acara khusus apabila ada pekerjaan yang dilaksanakan diluar jam kerja;&\r\n            i. Bukti pembayaran iuran BPJS Ketenagakerjaan.', '2022-12-15 09:05:36', '2022-12-15 09:05:36'),
(31, 16, 3, 'Pembayaran Tahap II sebesar 5% (lima persen) dari nilai Perjanjian/Kontrak akan dilakukan setelah selesainya masa pemeliharaan  berakhir yang dibuktikan dengan Berita Acara Serah Terima Pekerjaan Tahap II dan PIHAK KEDUA mengajukan Surat Permintaan pembayaran yang dilampiri dengan dokumen-dokumen sebagai berikut :', 'a. Kwitansi bermaterai cukup;&\r\n            b. Copy Surat Perjanjian/Kontrak Rinci;&\r\n            c. Foto Copy Surat Perjanjian/Kontrak;&\r\n            d. Faktur Pajak, SSP, Copy NPWP, Copy PKP/, Copy surat pemberian nomor seri Faktur Pajak;&\r\n            e. Berita Acara Serah Terima Pekerjaan Tahap II (BASTP II).', '2022-12-15 09:05:36', '2022-12-15 09:05:36'),
(32, 16, 4, 'Realisasi pekerjaan disampaikan kepada Direksi dan Pengawas pekerjaan paling lambat 3 minggu sebelum masa SPBJ/PO berakhir. Jika kuota belum terpenuhi maka melaporkan surat permohonan Addendum dan jika jumlah realisasi kuota telah mencapai 90% maka dapat melakukan penagihan sesuai prosedur untuk dibuatkan SPBJ/PO selanjutnya.', NULL, '2022-12-15 09:05:36', '2022-12-15 09:05:36'),
(33, 17, 2, 'Surat Perjanjian/Kontrak Rinci jenis Pengadaan Jasa/Pengadaan Jasa dan Material/Supply Erect, pembayaran dilaksanakan sebanyak 2 (dua) tahap, Pembayaran Tahap I sebesar 95% (sembilan puluh lima persen) dari nilai Surat Perjanjian/Kontrak Rinci akan dilakukan setelah semua pekerjaan 100% dilaksanakan dengan cara PIHAK KEDUA mengajukan surat permohonan pembayaran dengan melampirkan dokumen-dokumen sebagai berikut :', 'a. Kwitansi bermaterai cukup;&\n            b. Surat Perjanjian/Kontrak Rinci;&\n            c. Faktur Pajak, SSP, Copy NPWP, Copy PKP, Copy surat pemberian nomor seri Faktur Pajak;&\n            d. Berita Acara Serah Terima Pekerjaan (BASTP 1) yang ditandatangani oleh Para Pihak yang dilampiri dengan Laporan Pemeriksaan Pekerjaan;&\n            e. Asli bermaterai Surat Pernyataan Keaslian Barang;&\n            f. Asli bermaterai Surat Pernyataan Jaminan Garansi dari PIHAK KEDUA;;\n            g. Copy Surat Perjanjian/Kontrak;&\n            h. Berita acara khusus apabila ada pekerjaan yang dilaksanakan diluar jam kerja;&\n            i. Bukti pembayaran iuran BPJS Ketenagakerjaan.', '2022-12-15 12:22:56', '2022-12-15 12:22:56'),
(34, 17, 1, 'Rincian Pekerjaan diterbitkan dengan Perintah Kerja dari Manager Unit Layanan Pelanggan.', NULL, '2022-12-15 12:22:56', '2022-12-15 12:22:56'),
(35, 17, 3, 'Pembayaran Tahap II sebesar 5% (lima persen) dari nilai Perjanjian/Kontrak akan dilakukan setelah selesainya masa pemeliharaan  berakhir yang dibuktikan dengan Berita Acara Serah Terima Pekerjaan Tahap II dan PIHAK KEDUA mengajukan Surat Permintaan pembayaran yang dilampiri dengan dokumen-dokumen sebagai berikut :', 'a. Kwitansi bermaterai cukup;&\n            b. Copy Surat Perjanjian/Kontrak Rinci;&\n            c. Foto Copy Surat Perjanjian/Kontrak;&\n            d. Faktur Pajak, SSP, Copy NPWP, Copy PKP/, Copy surat pemberian nomor seri Faktur Pajak;&\n            e. Berita Acara Serah Terima Pekerjaan Tahap II (BASTP II).', '2022-12-15 12:22:56', '2022-12-15 12:22:56'),
(36, 17, 4, 'Realisasi pekerjaan disampaikan kepada Direksi dan Pengawas pekerjaan paling lambat 3 minggu sebelum masa SPBJ/PO berakhir. Jika kuota belum terpenuhi maka melaporkan surat permohonan Addendum dan jika jumlah realisasi kuota telah mencapai 90% maka dapat melakukan penagihan sesuai prosedur untuk dibuatkan SPBJ/PO selanjutnya.', NULL, '2022-12-15 12:22:56', '2022-12-15 12:22:56'),
(37, 17, 5, 'Sebelum melakukan pekerjaan agar berkoordinasi dengan ULP terkait sebagai tindak lanjut monitoring jadwal padam, K3L, dan hal lain yang menjadi perhatian.', NULL, '2022-12-15 12:22:56', '2022-12-15 12:22:56'),
(38, 17, 6, 'Surat Perjanjian/Kontrak Rinci jenis Pengadaan Jasa/Pengadaan Jasa dan Material/Supply Erect, pembayaran dilaksanakan sebanyak 2 (dua) tahap, Pembayaran Tahap I sebesar 95% (sembilan puluh lima persen) dari nilai Surat Perjanjian/Kontrak Rinci akan dilakukan setelah semua pekerjaan 100% dilaksanakan dengan cara PIHAK KEDUA mengajukan surat permohonan pembayaran dengan melampirkan dokumen-dokumen sebagai berikut :', 'a. Kwitansi bermaterai cukup;&\n            b. Surat Perjanjian/Kontrak Rinci;&\n            c. Faktur Pajak, SSP, Copy NPWP, Copy PKP, Copy surat pemberian nomor seri Faktur Pajak;&\n            d. Berita Acara Serah Terima Pekerjaan (BASTP 1) yang ditandatangani oleh Para Pihak yang dilampiri dengan Laporan Pemeriksaan Pekerjaan;&\n            e. Asli bermaterai Surat Pernyataan Keaslian Barang;&\n            f. Asli bermaterai Surat Pernyataan Jaminan Garansi dari PIHAK KEDUA;;\n            g. Copy Surat Perjanjian/Kontrak;&\n            h. Berita acara khusus apabila ada pekerjaan yang dilaksanakan diluar jam kerja;&\n            i. Bukti pembayaran iuran BPJS Ketenagakerjaan.', '2022-12-15 12:22:56', '2022-12-15 12:22:56'),
(39, 17, 7, 'Pembayaran Tahap II sebesar 5% (lima persen) dari nilai Perjanjian/Kontrak akan dilakukan setelah selesainya masa pemeliharaan  berakhir yang dibuktikan dengan Berita Acara Serah Terima Pekerjaan Tahap II dan PIHAK KEDUA mengajukan Surat Permintaan pembayaran yang dilampiri dengan dokumen-dokumen sebagai berikut :', 'a. Kwitansi bermaterai cukup;&\n            b. Copy Surat Perjanjian/Kontrak Rinci;&\n            c. Foto Copy Surat Perjanjian/Kontrak;&\n            d. Faktur Pajak, SSP, Copy NPWP, Copy PKP/, Copy surat pemberian nomor seri Faktur Pajak;&\n            e. Berita Acara Serah Terima Pekerjaan Tahap II (BASTP II).', '2022-12-15 12:22:56', '2022-12-15 12:22:56'),
(40, 18, 4, 'Realisasi pekerjaan disampaikan kepada Direksi dan Pengawas pekerjaan paling lambat 3 minggu sebelum masa SPBJ/PO berakhir. Jika kuota belum terpenuhi maka melaporkan surat permohonan Addendum dan jika jumlah realisasi kuota telah mencapai 90% maka dapat melakukan penagihan sesuai prosedur untuk dibuatkan SPBJ/PO selanjutnya.', NULL, '2022-12-15 13:29:01', '2022-12-15 13:29:01'),
(41, 18, 2, 'Surat Perjanjian/Kontrak Rinci jenis Pengadaan Jasa/Pengadaan Jasa dan Material/Supply Erect, pembayaran dilaksanakan sebanyak 2 (dua) tahap, Pembayaran Tahap I sebesar 95% (sembilan puluh lima persen) dari nilai Surat Perjanjian/Kontrak Rinci akan dilakukan setelah semua pekerjaan 100% dilaksanakan dengan cara PIHAK KEDUA mengajukan surat permohonan pembayaran dengan melampirkan dokumen-dokumen sebagai berikut :', 'a. Kwitansi bermaterai cukup;&\n            b. Surat Perjanjian/Kontrak Rinci;&\n            c. Faktur Pajak, SSP, Copy NPWP, Copy PKP, Copy surat pemberian nomor seri Faktur Pajak;&\n            d. Berita Acara Serah Terima Pekerjaan (BASTP 1) yang ditandatangani oleh Para Pihak yang dilampiri dengan Laporan Pemeriksaan Pekerjaan;&\n            e. Asli bermaterai Surat Pernyataan Keaslian Barang;&\n            f. Asli bermaterai Surat Pernyataan Jaminan Garansi dari PIHAK KEDUA;&\n            g. Copy Surat Perjanjian/Kontrak;&\n            h. Berita acara khusus apabila ada pekerjaan yang dilaksanakan diluar jam kerja;&\n            i. Bukti pembayaran iuran BPJS Ketenagakerjaan.', '2022-12-15 13:29:01', '2022-12-15 13:29:01'),
(42, 19, 1, 'Rincian Pekerjaan diterbitkan dengan Perintah Kerja dari Manager Unit Layanan Pelanggan.', NULL, '2022-12-15 13:34:47', '2022-12-15 13:34:47'),
(43, 20, 4, 'Realisasi pekerjaan disampaikan kepada Direksi dan Pengawas pekerjaan paling lambat 3 minggu sebelum masa SPBJ/PO berakhir. Jika kuota belum terpenuhi maka melaporkan surat permohonan Addendum dan jika jumlah realisasi kuota telah mencapai 90% maka dapat melakukan penagihan sesuai prosedur untuk dibuatkan SPBJ/PO selanjutnya.', NULL, '2022-12-15 14:05:50', '2022-12-15 14:05:50'),
(44, 21, 1, 'Rincian Pekerjaan diterbitkan dengan Perintah Kerja dari Manager Unit Layanan Pelanggan.', NULL, '2022-12-15 14:08:57', '2022-12-15 14:08:57'),
(45, 22, 1, 'Rincian Pekerjaan diterbitkan dengan Perintah Kerja dari Manager Unit Layanan Pelanggan.', NULL, '2022-12-15 14:09:38', '2022-12-15 14:09:38'),
(46, 23, 5, 'Sebelum melakukan pekerjaan agar berkoordinasi dengan ULP terkait sebagai tindak lanjut monitoring jadwal padam, K3L, dan hal lain yang menjadi perhatian.', NULL, '2022-12-15 14:13:22', '2022-12-15 14:13:22'),
(47, 24, 5, 'Sebelum melakukan pekerjaan agar berkoordinasi dengan ULP terkait sebagai tindak lanjut monitoring jadwal padam, K3L, dan hal lain yang menjadi perhatian.', NULL, '2022-12-15 14:14:47', '2022-12-15 14:14:47'),
(48, 25, 1, 'Rincian Pekerjaan diterbitkan dengan Perintah Kerja dari Manager Unit Layanan Pelanggan.', NULL, '2022-12-15 14:17:43', '2022-12-15 14:17:43'),
(49, 25, 4, 'Realisasi pekerjaan disampaikan kepada Direksi dan Pengawas pekerjaan paling lambat 3 minggu sebelum masa SPBJ/PO berakhir. Jika kuota belum terpenuhi maka melaporkan surat permohonan Addendum dan jika jumlah realisasi kuota telah mencapai 90% maka dapat melakukan penagihan sesuai prosedur untuk dibuatkan SPBJ/PO selanjutnya.', NULL, '2022-12-15 14:17:43', '2022-12-15 14:17:43'),
(50, 26, 2, 'Surat Perjanjian/Kontrak Rinci jenis Pengadaan Jasa/Pengadaan Jasa dan Material/Supply Erect, pembayaran dilaksanakan sebanyak 2 (dua) tahap, Pembayaran Tahap I sebesar 95% (sembilan puluh lima persen) dari nilai Surat Perjanjian/Kontrak Rinci akan dilakukan setelah semua pekerjaan 100% dilaksanakan dengan cara PIHAK KEDUA mengajukan surat permohonan pembayaran dengan melampirkan dokumen-dokumen sebagai berikut :', 'a. Kwitansi bermaterai cukup;&\n            b. Surat Perjanjian/Kontrak Rinci;&\n            c. Faktur Pajak, SSP, Copy NPWP, Copy PKP, Copy surat pemberian nomor seri Faktur Pajak;&\n            d. Berita Acara Serah Terima Pekerjaan (BASTP 1) yang ditandatangani oleh Para Pihak yang dilampiri dengan Laporan Pemeriksaan Pekerjaan;&\n            e. Asli bermaterai Surat Pernyataan Keaslian Barang;&\n            f. Asli bermaterai Surat Pernyataan Jaminan Garansi dari PIHAK KEDUA;&\n            g. Copy Surat Perjanjian/Kontrak;&\n            h. Berita acara khusus apabila ada pekerjaan yang dilaksanakan diluar jam kerja;&\n            i. Bukti pembayaran iuran BPJS Ketenagakerjaan.', '2022-12-16 00:34:51', '2022-12-16 00:34:51'),
(51, 27, 3, 'Pembayaran Tahap II sebesar 5% (lima persen) dari nilai Perjanjian/Kontrak akan dilakukan setelah selesainya masa pemeliharaan  berakhir yang dibuktikan dengan Berita Acara Serah Terima Pekerjaan Tahap II dan PIHAK KEDUA mengajukan Surat Permintaan pembayaran yang dilampiri dengan dokumen-dokumen sebagai berikut :', 'a. Kwitansi bermaterai cukup;&\n            b. Copy Surat Perjanjian/Kontrak Rinci;&\n            c. Foto Copy Surat Perjanjian/Kontrak;&\n            d. Faktur Pajak, SSP, Copy NPWP, Copy PKP/, Copy surat pemberian nomor seri Faktur Pajak;&\n            e. Berita Acara Serah Terima Pekerjaan Tahap II (BASTP II).', '2022-12-16 01:58:29', '2022-12-16 01:58:29'),
(52, 28, 3, 'Pembayaran Tahap II sebesar 5% (lima persen) dari nilai Perjanjian/Kontrak akan dilakukan setelah selesainya masa pemeliharaan  berakhir yang dibuktikan dengan Berita Acara Serah Terima Pekerjaan Tahap II dan PIHAK KEDUA mengajukan Surat Permintaan pembayaran yang dilampiri dengan dokumen-dokumen sebagai berikut :', 'a. Kwitansi bermaterai cukup;&\n            b. Copy Surat Perjanjian/Kontrak Rinci;&\n            c. Foto Copy Surat Perjanjian/Kontrak;&\n            d. Faktur Pajak, SSP, Copy NPWP, Copy PKP/, Copy surat pemberian nomor seri Faktur Pajak;&\n            e. Berita Acara Serah Terima Pekerjaan Tahap II (BASTP II).', '2022-12-16 02:01:21', '2022-12-16 02:01:21'),
(53, 29, 2, 'Surat Perjanjian/Kontrak Rinci jenis Pengadaan Jasa/Pengadaan Jasa dan Material/Supply Erect, pembayaran dilaksanakan sebanyak 2 (dua) tahap, Pembayaran Tahap I sebesar 95% (sembilan puluh lima persen) dari nilai Surat Perjanjian/Kontrak Rinci akan dilakukan setelah semua pekerjaan 100% dilaksanakan dengan cara PIHAK KEDUA mengajukan surat permohonan pembayaran dengan melampirkan dokumen-dokumen sebagai berikut :', 'a. Kwitansi bermaterai cukup;&\n            b. Surat Perjanjian/Kontrak Rinci;&\n            c. Faktur Pajak, SSP, Copy NPWP, Copy PKP, Copy surat pemberian nomor seri Faktur Pajak;&\n            d. Berita Acara Serah Terima Pekerjaan (BASTP 1) yang ditandatangani oleh Para Pihak yang dilampiri dengan Laporan Pemeriksaan Pekerjaan;&\n            e. Asli bermaterai Surat Pernyataan Keaslian Barang;&\n            f. Asli bermaterai Surat Pernyataan Jaminan Garansi dari PIHAK KEDUA;&\n            g. Copy Surat Perjanjian/Kontrak;&\n            h. Berita acara khusus apabila ada pekerjaan yang dilaksanakan diluar jam kerja;&\n            i. Bukti pembayaran iuran BPJS Ketenagakerjaan.', '2022-12-16 02:02:40', '2022-12-16 02:02:40'),
(54, 30, 3, 'Pembayaran Tahap II sebesar 5% (lima persen) dari nilai Perjanjian/Kontrak akan dilakukan setelah selesainya masa pemeliharaan  berakhir yang dibuktikan dengan Berita Acara Serah Terima Pekerjaan Tahap II dan PIHAK KEDUA mengajukan Surat Permintaan pembayaran yang dilampiri dengan dokumen-dokumen sebagai berikut :', 'a. Kwitansi bermaterai cukup;&\n            b. Copy Surat Perjanjian/Kontrak Rinci;&\n            c. Foto Copy Surat Perjanjian/Kontrak;&\n            d. Faktur Pajak, SSP, Copy NPWP, Copy PKP/, Copy surat pemberian nomor seri Faktur Pajak;&\n            e. Berita Acara Serah Terima Pekerjaan Tahap II (BASTP II).', '2022-12-16 02:17:44', '2022-12-16 02:17:44'),
(55, 31, 1, 'Rincian Pekerjaan diterbitkan dengan Perintah Kerja dari Manager Unit Layanan Pelanggan.', NULL, '2022-12-16 08:38:03', '2022-12-16 08:38:03'),
(56, 31, 3, 'Pembayaran Tahap II sebesar 5% (lima persen) dari nilai Perjanjian/Kontrak akan dilakukan setelah selesainya masa pemeliharaan  berakhir yang dibuktikan dengan Berita Acara Serah Terima Pekerjaan Tahap II dan PIHAK KEDUA mengajukan Surat Permintaan pembayaran yang dilampiri dengan dokumen-dokumen sebagai berikut :', 'a. Kwitansi bermaterai cukup;&\n            b. Copy Surat Perjanjian/Kontrak Rinci;&\n            c. Foto Copy Surat Perjanjian/Kontrak;&\n            d. Faktur Pajak, SSP, Copy NPWP, Copy PKP/, Copy surat pemberian nomor seri Faktur Pajak;&\n            e. Berita Acara Serah Terima Pekerjaan Tahap II (BASTP II).', '2022-12-16 08:38:03', '2022-12-16 08:38:03'),
(57, 32, 1, 'Rincian Pekerjaan diterbitkan dengan Perintah Kerja dari Manager Unit Layanan Pelanggan.', NULL, '2022-12-16 10:15:06', '2022-12-16 10:15:06'),
(58, 32, 2, 'Surat Perjanjian/Kontrak Rinci jenis Pengadaan Jasa/Pengadaan Jasa dan Material/Supply Erect, pembayaran dilaksanakan sebanyak 2 (dua) tahap, Pembayaran Tahap I sebesar 95% (sembilan puluh lima persen) dari nilai Surat Perjanjian/Kontrak Rinci akan dilakukan setelah semua pekerjaan 100% dilaksanakan dengan cara PIHAK KEDUA mengajukan surat permohonan pembayaran dengan melampirkan dokumen-dokumen sebagai berikut :', 'a. Kwitansi bermaterai cukup;&\n            b. Surat Perjanjian/Kontrak Rinci;&\n            c. Faktur Pajak, SSP, Copy NPWP, Copy PKP, Copy surat pemberian nomor seri Faktur Pajak;&\n            d. Berita Acara Serah Terima Pekerjaan (BASTP 1) yang ditandatangani oleh Para Pihak yang dilampiri dengan Laporan Pemeriksaan Pekerjaan;&\n            e. Asli bermaterai Surat Pernyataan Keaslian Barang;&\n            f. Asli bermaterai Surat Pernyataan Jaminan Garansi dari PIHAK KEDUA;&\n            g. Copy Surat Perjanjian/Kontrak;&\n            h. Berita acara khusus apabila ada pekerjaan yang dilaksanakan diluar jam kerja;&\n            i. Bukti pembayaran iuran BPJS Ketenagakerjaan.', '2022-12-16 10:15:06', '2022-12-16 10:15:06'),
(59, 32, 3, 'Pembayaran Tahap II sebesar 5% (lima persen) dari nilai Perjanjian/Kontrak akan dilakukan setelah selesainya masa pemeliharaan  berakhir yang dibuktikan dengan Berita Acara Serah Terima Pekerjaan Tahap II dan PIHAK KEDUA mengajukan Surat Permintaan pembayaran yang dilampiri dengan dokumen-dokumen sebagai berikut :', 'a. Kwitansi bermaterai cukup;&\n            b. Copy Surat Perjanjian/Kontrak Rinci;&\n            c. Foto Copy Surat Perjanjian/Kontrak;&\n            d. Faktur Pajak, SSP, Copy NPWP, Copy PKP/, Copy surat pemberian nomor seri Faktur Pajak;&\n            e. Berita Acara Serah Terima Pekerjaan Tahap II (BASTP II).', '2022-12-16 10:15:06', '2022-12-16 10:15:06'),
(60, 32, 4, 'Realisasi pekerjaan disampaikan kepada Direksi dan Pengawas pekerjaan paling lambat 3 minggu sebelum masa SPBJ/PO berakhir. Jika kuota belum terpenuhi maka melaporkan surat permohonan Addendum dan jika jumlah realisasi kuota telah mencapai 90% maka dapat melakukan penagihan sesuai prosedur untuk dibuatkan SPBJ/PO selanjutnya.', NULL, '2022-12-16 10:15:06', '2022-12-16 10:15:06');

-- --------------------------------------------------------

--
-- Table structure for table `password_resets`
--

CREATE TABLE `password_resets` (
  `email` varchar(255) COLLATE utf8mb4_unicode_ci NOT NULL,
  `token` varchar(255) COLLATE utf8mb4_unicode_ci NOT NULL,
  `created_at` timestamp NULL DEFAULT NULL
) ENGINE=InnoDB DEFAULT CHARSET=utf8mb4 COLLATE=utf8mb4_unicode_ci;

-- --------------------------------------------------------

--
-- Table structure for table `pejabats`
--

CREATE TABLE `pejabats` (
  `id` bigint UNSIGNED NOT NULL,
  `nama_pejabat` varchar(255) COLLATE utf8mb4_unicode_ci NOT NULL,
  `jabatan` varchar(255) COLLATE utf8mb4_unicode_ci NOT NULL,
  `unit_up3` varchar(255) COLLATE utf8mb4_unicode_ci NOT NULL,
  `unit_ulp` varchar(255) COLLATE utf8mb4_unicode_ci DEFAULT NULL,
  `created_at` timestamp NULL DEFAULT NULL,
  `updated_at` timestamp NULL DEFAULT NULL
) ENGINE=InnoDB DEFAULT CHARSET=utf8mb4 COLLATE=utf8mb4_unicode_ci;

--
-- Dumping data for table `pejabats`
--

INSERT INTO `pejabats` (`id`, `nama_pejabat`, `jabatan`, `unit_up3`, `unit_ulp`, `created_at`, `updated_at`) VALUES
(1, 'ARI TIRTAPRAWITA', 'MANAGER UP3', 'UP3 MAKASSAR SELATAN', '-', '2022-12-15 04:45:03', '2022-12-15 04:45:03'),
(2, 'PRADIKTA CENDIKA', 'ASISTANT MANAGER TRANSAKSI ENERGI LISTRIK', 'UP3 MAKASSAR SELATAN', '-', '2022-12-15 04:45:03', '2022-12-15 04:45:03'),
(3, 'YANUARDHI AB', 'ASISTANT MANAGER PERENCANAAN', 'UP3 MAKASSAR SELATAN', '-', '2022-12-15 04:45:03', '2022-12-15 04:45:03'),
(4, 'RAMLI', 'ASISTANT MANAGER KONSTRUKSI', 'UP3 MAKASSAR SELATAN', '-', '2022-12-15 04:45:03', '2022-12-15 04:45:03'),
(5, 'KHALID HUSAIN', 'ASISTANT MANAGER JARINGAN', 'UP3 MAKASSAR SELATAN', '-', '2022-12-15 04:45:03', '2022-12-15 04:45:03'),
(6, 'LATIF PRASETYOHADI', 'ASISTANT MANAGER PEMASARAN DAN PELAYANAN PELANGGAN', 'UP3 MAKASSAR SELATAN', '-', '2022-12-15 04:45:03', '2022-12-15 04:45:03'),
(7, 'JOHAN PRASETYA YUDHA PRAMUKTI', 'ASISTANT MANAGER KEUANGAN ADMINISTRASI DAN UMUM', 'UP3 MAKASSAR SELATAN', '-', '2022-12-15 04:45:03', '2022-12-15 04:45:03'),
(8, 'SYAHRUDDIN NUR', 'TEAM LEADER KESELAMATAN, KESEHATAN KERJA, LINGKUNGAN DAN KEAMANAN', 'UP3 MAKASSAR SELATAN', '-', '2022-12-15 04:45:03', '2022-12-15 04:45:03'),
(9, 'MUSTOFA KAMIL', 'TEAM LEADER PELAKSANA PENGADAAN', 'UP3 MAKASSAR SELATAN', '-', '2022-12-15 04:45:03', '2022-12-15 04:45:03');

-- --------------------------------------------------------

--
-- Table structure for table `personal_access_tokens`
--

CREATE TABLE `personal_access_tokens` (
  `id` bigint UNSIGNED NOT NULL,
  `tokenable_type` varchar(255) COLLATE utf8mb4_unicode_ci NOT NULL,
  `tokenable_id` bigint UNSIGNED NOT NULL,
  `name` varchar(255) COLLATE utf8mb4_unicode_ci NOT NULL,
  `token` varchar(64) COLLATE utf8mb4_unicode_ci NOT NULL,
  `abilities` text COLLATE utf8mb4_unicode_ci,
  `last_used_at` timestamp NULL DEFAULT NULL,
  `expires_at` timestamp NULL DEFAULT NULL,
  `created_at` timestamp NULL DEFAULT NULL,
  `updated_at` timestamp NULL DEFAULT NULL
) ENGINE=InnoDB DEFAULT CHARSET=utf8mb4 COLLATE=utf8mb4_unicode_ci;

-- --------------------------------------------------------

--
-- Table structure for table `prks`
--

CREATE TABLE `prks` (
  `id` bigint UNSIGNED NOT NULL,
  `no_skk_prk` bigint UNSIGNED DEFAULT NULL,
  `no_prk` varchar(255) COLLATE utf8mb4_unicode_ci NOT NULL,
  `uraian_prk` varchar(255) COLLATE utf8mb4_unicode_ci NOT NULL,
  `pagu_prk` varchar(255) COLLATE utf8mb4_unicode_ci NOT NULL,
  `prk_terkontrak` varchar(255) COLLATE utf8mb4_unicode_ci NOT NULL,
  `prk_realisasi` varchar(255) COLLATE utf8mb4_unicode_ci NOT NULL,
  `prk_terbayar` varchar(255) COLLATE utf8mb4_unicode_ci NOT NULL,
  `prk_sisa` varchar(255) COLLATE utf8mb4_unicode_ci NOT NULL,
  `created_at` timestamp NULL DEFAULT NULL,
  `updated_at` timestamp NULL DEFAULT NULL
) ENGINE=InnoDB DEFAULT CHARSET=utf8mb4 COLLATE=utf8mb4_unicode_ci;

--
-- Dumping data for table `prks`
--

INSERT INTO `prks` (`id`, `no_skk_prk`, `no_prk`, `uraian_prk`, `pagu_prk`, `prk_terkontrak`, `prk_realisasi`, `prk_terbayar`, `prk_sisa`, `created_at`, `updated_at`) VALUES
(1, 1, '001/DAN.PRK/2020', 'Pembelian Ban', '0', '169876953', '0', '0', '-169876953', '2022-12-15 04:45:03', '2022-12-16 10:15:09'),
(2, 1, '002/DAN.PRK/2020', 'Pembelian Velg', '500000000', '29293441', '0', '0', '470706559', '2022-12-15 04:45:03', '2022-12-15 14:14:51'),
(3, 1, '003/DAN.PRK/2020', 'Pembelian Spion', '350000000', '50000000', '0', '0', '0', '2022-12-15 04:45:03', '2022-12-15 04:45:03'),
(4, 2, '010/DAN.PRK/2021', 'Pembelian Knalpot', '5000000000', '1882632372', '0', '0', '3117367628', '2022-12-15 04:45:03', '2022-12-16 08:38:08'),
(5, 3, '020/DAN.PRK/2022', 'Pembelian Roda', '450000000', '516683', '0', '0', '449483317', '2022-12-15 04:45:03', '2022-12-16 02:17:46');

-- --------------------------------------------------------

--
-- Table structure for table `rabs`
--

CREATE TABLE `rabs` (
  `id` bigint UNSIGNED NOT NULL,
  `nomor_po` varchar(255) COLLATE utf8mb4_unicode_ci NOT NULL,
  `tanggal_po` date NOT NULL,
  `skk_id` bigint UNSIGNED DEFAULT NULL,
  `prk_id` bigint UNSIGNED DEFAULT NULL,
  `pekerjaan` varchar(255) COLLATE utf8mb4_unicode_ci NOT NULL,
  `lokasi` text COLLATE utf8mb4_unicode_ci,
  `startdate` date NOT NULL,
  `enddate` date NOT NULL,
  `nomor_kontrak_induk` bigint UNSIGNED NOT NULL,
  `addendum_id` bigint UNSIGNED DEFAULT NULL,
  `pejabat_id` bigint UNSIGNED NOT NULL,
  `pengawas_pekerjaan` text COLLATE utf8mb4_unicode_ci NOT NULL,
  `pengawas_lapangan` text COLLATE utf8mb4_unicode_ci,
  `total_harga` int NOT NULL,
  `pdf_file` varchar(255) COLLATE utf8mb4_unicode_ci NOT NULL,
  `created_at` timestamp NULL DEFAULT NULL,
  `updated_at` timestamp NULL DEFAULT NULL
) ENGINE=InnoDB DEFAULT CHARSET=utf8mb4 COLLATE=utf8mb4_unicode_ci;

--
-- Dumping data for table `rabs`
--

INSERT INTO `rabs` (`id`, `nomor_po`, `tanggal_po`, `skk_id`, `prk_id`, `pekerjaan`, `lokasi`, `startdate`, `enddate`, `nomor_kontrak_induk`, `addendum_id`, `pejabat_id`, `pengawas_pekerjaan`, `pengawas_lapangan`, `total_harga`, `pdf_file`, `created_at`, `updated_at`) VALUES
(1, 'NOPPO11', '2022-12-15', 1, 1, '232323', NULL, '2022-12-15', '2022-12-22', 1, 1, 3, 'SASAS', NULL, 938838, 'public/storage/file-pdf-khs/NOPPO11.pdf', '2022-12-15 04:51:33', '2022-12-15 04:51:33'),
(2, '213123', '2022-12-15', 2, 4, 'gvjhb', NULL, '2022-12-15', '2022-12-30', 3, 3, 4, 'fsefsfsfe', NULL, 518925, 'public/storage/file-pdf-khs/213123.pdf', '2022-12-15 04:52:27', '2022-12-15 04:52:27'),
(3, 'aaljasjjasjlslkjslk', '2022-12-15', 1, 1, 'asasasassa', NULL, '2022-12-15', '2022-12-22', 3, 3, 2, '2222', NULL, 23665, 'public/storage/file-pdf-khs/aaljasjjasjlslkjslk.pdf', '2022-12-15 05:49:57', '2022-12-15 05:49:57'),
(4, 'KEDUAAA', '2022-12-15', 1, 1, 'SASASSA', NULL, '2022-12-15', '2022-12-22', 1, 1, 4, '22', NULL, 421733, 'public/storage/file-pdf-khs/KEDUAAA.pdf', '2022-12-15 06:03:44', '2022-12-15 06:03:44'),
(5, 'asasas', '2022-12-15', 1, 1, 'asasa', NULL, '2022-12-15', '2022-12-22', 3, 3, 2, 'asasasa', NULL, 106411, 'public/storage/file-pdf-khs/asasas.pdf', '2022-12-15 06:11:12', '2022-12-15 06:11:12'),
(6, 'materialjasa', '2022-12-15', 2, 4, 'sasasasa', NULL, '2022-12-15', '2022-12-22', 1, 1, 2, 'sasas', NULL, 10638773, 'public/storage/file-pdf-khs/materialjasa.pdf', '2022-12-15 06:21:11', '2022-12-15 06:21:11'),
(7, 'moorrr', '2022-12-15', 2, 4, 'sasasasas', NULL, '2022-12-15', '2022-12-22', 1, 1, 2, 'asasa', NULL, 1820835626, 'public/storage/file-pdf-khs/moorrr.pdf', '2022-12-15 06:47:14', '2022-12-15 06:47:14'),
(8, 'asasa', '2022-12-15', 2, 4, 'asasas', NULL, '2022-12-15', '2022-12-22', 1, 1, 3, '12', NULL, 1813545, 'public/storage/file-pdf-khs/asasa.pdf', '2022-12-15 06:53:00', '2022-12-15 06:53:00'),
(9, 'hdh', '2022-12-15', 1, 1, 'd', NULL, '2022-12-14', '2022-12-20', 8, 8, 5, 'd', NULL, 2503301, 'public/storage/file-pdf-khs/hdh.pdf', '2022-12-15 06:57:23', '2022-12-15 06:57:23'),
(10, 'LOKASI REDAKSI', '2022-12-15', 2, 4, '1212', NULL, '2022-12-15', '2022-12-22', 2, 2, 2, '1212', NULL, 15870939, 'public/storage/file-pdf-khs/LOKASI REDAKSI.pdf', '2022-12-15 07:04:53', '2022-12-15 07:04:53'),
(11, '0251.SPBJ/AGA.04.01/C16100000/2022', '2022-12-15', 2, 4, 'asndkjansd', NULL, '2022-12-15', '2022-12-29', 1, 1, 3, 'asndkjanskdj', NULL, 12228311, 'public/storage/file-pdf-khs/0251_SPBJ-AGA_04_01-C16100000-2022.pdf', '2022-12-15 07:12:40', '2022-12-15 07:12:40'),
(12, '1212', '2022-12-15', 1, 1, 'sasaa', NULL, '2022-12-15', '2022-12-22', 1, 1, 2, 'sas', NULL, 3053255, 'public/storage/file-pdf-khs/1212.pdf', '2022-12-15 08:10:51', '2022-12-15 08:10:51'),
(13, 'NOOPAOSPA', '2022-12-15', 1, 1, 'SASA', NULL, '2022-12-15', '2022-12-29', 1, 1, 5, 'SAS', NULL, 70996, 'public/storage/file-pdf-khs/NOOPAOSPA.pdf', '2022-12-15 08:16:25', '2022-12-15 08:16:25'),
(14, 'ASNAN,SNA,NS', '2022-12-15', 1, 1, 'SASA', NULL, '2022-12-15', '2022-12-22', 1, 1, 8, 'ASA', NULL, 70996, 'public/storage/file-pdf-khs/ASNAN,SNA,NS.pdf', '2022-12-15 08:18:11', '2022-12-15 08:18:11'),
(15, '0259.SPBJ/AGA.04.01/C16100000/2022', '2022-12-15', 1, 2, 'Pekerjaan Pemeliharaan APP 3 Phasa Pengukuran Langsung dan Tidak Langsung TR-TM', NULL, '2022-07-01', '2022-09-30', 1, 1, 2, 'Supervisor Pemeliharaan Meter Transaksi', NULL, 11524975, 'public/storage/file-pdf-khs/0259_SPBJ-AGA_04_01-C16100000-2022.pdf', '2022-12-15 08:45:51', '2022-12-15 08:45:51'),
(16, '0265.SPBJ/AGA.04.01/C16100000/2022', '2022-12-15', 1, 2, 'Pekerjaan Pemeliharaan APP 3 Phasa Pengukuran Langsung dan Tidak Langsung TR-TM', NULL, '2022-12-15', '2022-12-29', 2, 2, 2, 'Supervisor Pemeliharaan Meter Transaksi', NULL, 16608484, 'public/storage/file-pdf-khs/0265_SPBJ-AGA_04_01-C16100000-2022.pdf', '2022-12-15 09:05:36', '2022-12-15 09:05:36'),
(17, 'sasas', '2022-12-15', 1, 1, 'sasas', NULL, '2022-12-15', '2022-12-22', 1, 1, 2, '1212', NULL, 12130258, 'public/storage/file-pdf-khs/sasas.pdf', '2022-12-15 12:22:56', '2022-12-15 12:22:56'),
(18, 'assas', '2022-12-15', 1, 1, 'sas', NULL, '2022-12-15', '2022-12-22', 1, 1, 2, 'sas', NULL, 372709, 'public/storage/file-pdf-khs/assas.pdf', '2022-12-15 13:29:01', '2022-12-15 13:29:01'),
(19, 'asalsjajjakjlk', '2022-12-15', 1, 1, 'asasasa', NULL, '2022-12-15', '2022-12-22', 1, 1, 3, 'asas', NULL, 53247, 'public/storage/file-pdf-khs/asalsjajjakjlk.pdf', '2022-12-15 13:34:47', '2022-12-15 13:34:47'),
(20, 'dsd', '2022-12-15', 2, 4, 'ds', NULL, '2022-12-20', '2022-12-28', 8, 8, 8, 's', NULL, 150274, 'public/storage/file-pdf-khs/dsd.pdf', '2022-12-15 14:05:50', '2022-12-15 14:05:50'),
(21, 'qwsdfvbnbbfdsa', '2022-12-15', 1, 1, 'sassa', NULL, '2022-12-15', '2022-12-22', 1, 1, 5, 'asas', NULL, 1509503, 'public/storage/file-pdf-khs/qwsdfvbnbbfdsa.pdf', '2022-12-15 14:08:57', '2022-12-15 14:08:57'),
(22, 'qwsdfvbnbbfdsaaSDFGV', '2022-12-15', 1, 1, 'sassa', NULL, '2022-12-15', '2022-12-22', 1, 1, 5, 'asas', NULL, 1509503, 'public/storage/file-pdf-khs/qwsdfvbnbbfdsaaSDFGV.pdf', '2022-12-15 14:09:38', '2022-12-15 14:09:38'),
(23, 'SAS', '2022-12-15', 1, 2, 'SAS', NULL, '2022-12-15', '2022-12-29', 1, 1, 7, 'ASAASSA', NULL, 579991, 'public/storage/file-pdf-khs/SAS.pdf', '2022-12-15 14:13:22', '2022-12-15 14:13:22'),
(24, 'SASSADFGHJHGFDSADF', '2022-12-15', 1, 2, 'SAS', NULL, '2022-12-15', '2022-12-29', 1, 1, 7, 'ASAASSA', NULL, 579991, 'public/storage/file-pdf-khs/SASSADFGHJHGFDSADF.pdf', '2022-12-15 14:14:47', '2022-12-15 14:14:47'),
(25, 'ASASASCFSVBAHNJXASMX', '2022-12-15', 1, 1, 'SASSAS', NULL, '2022-12-15', '2022-12-29', 1, 1, 2, 'SAS', NULL, 4657978, 'public/storage/file-pdf-khs/ASASASCFSVBAHNJXASMX.pdf', '2022-12-15 14:17:43', '2022-12-15 14:17:43'),
(26, 'saksjklajsklajslkajlkjl', '2022-12-16', 1, 1, 'sajajsajsajsl', NULL, '2022-12-16', '2022-12-23', 1, 1, 2, 'askljsklasjk', NULL, 137502473, 'public/storage/file-pdf-khs/saksjklajsklajslkajlkjl.pdf', '2022-12-16 00:34:51', '2022-12-16 00:34:51'),
(27, 'jkd', '2022-12-16', 2, 4, 'd', NULL, '2022-12-08', '2022-12-27', 4, 4, 5, 'd', NULL, 2366431, 'public/storage/file-pdf-khs/jkd.pdf', '2022-12-16 01:58:29', '2022-12-16 01:58:29'),
(28, 'jidjksdhjisdefdwer', '2022-12-16', 2, 4, 'ds', NULL, '2022-12-14', '2022-12-27', 5, 5, 7, 'asd', NULL, 14780787, 'public/storage/file-pdf-khs/jidjksdhjisdefdwer.pdf', '2022-12-16 02:01:21', '2022-12-16 02:01:21'),
(29, 'asas', '2022-12-16', 1, 1, 'sasasas', NULL, '2022-12-16', '2022-12-23', 1, 1, 8, 'asasas', NULL, 1649815, 'public/storage/file-pdf-khs/asas.pdf', '2022-12-16 02:02:40', '2022-12-16 02:02:40'),
(30, '8au9sjic', '2022-12-16', 3, 5, 'kmllk', NULL, '2022-12-16', '2022-12-30', 6, 6, 7, 'cx sdds', NULL, 516683, 'public/storage/file-pdf-khs/8au9sjic.pdf', '2022-12-16 02:17:44', '2022-12-16 02:17:44'),
(31, '16/12/2022', '2022-12-16', 2, 4, 'Judul Pekerjaan', NULL, '2022-12-16', '2022-12-30', 1, 1, 3, 'Rajab', NULL, 3428761, 'public/storage/file-pdf-khs/16-12-2022.pdf', '2022-12-16 08:38:03', '2022-12-16 08:38:03'),
(32, 'sasa', '2022-12-16', 1, 1, 'asss', NULL, '2022-12-16', '2022-12-30', 6, 6, 8, 'asa', NULL, 3302272, 'public/storage/file-pdf-khs/sasa.pdf', '2022-12-16 10:15:06', '2022-12-16 10:15:06');

-- --------------------------------------------------------

--
-- Table structure for table `rab_non_pos`
--

CREATE TABLE `rab_non_pos` (
  `id` bigint UNSIGNED NOT NULL,
  `non_po_id` bigint UNSIGNED NOT NULL,
  `uraian` varchar(255) COLLATE utf8mb4_unicode_ci NOT NULL,
  `satuan` varchar(255) COLLATE utf8mb4_unicode_ci NOT NULL,
  `volume` double NOT NULL,
  `harga_satuan` double NOT NULL,
  `jumlah_harga` double NOT NULL,
  `created_at` timestamp NULL DEFAULT NULL,
  `updated_at` timestamp NULL DEFAULT NULL
) ENGINE=InnoDB DEFAULT CHARSET=utf8mb4 COLLATE=utf8mb4_unicode_ci;

-- --------------------------------------------------------

--
-- Table structure for table `redaksis`
--

CREATE TABLE `redaksis` (
  `id` bigint UNSIGNED NOT NULL,
  `nama_redaksi` varchar(255) COLLATE utf8mb4_unicode_ci NOT NULL,
  `deskripsi_redaksi` text COLLATE utf8mb4_unicode_ci NOT NULL,
  `sub_deskripsi` text COLLATE utf8mb4_unicode_ci,
  `created_at` timestamp NULL DEFAULT NULL,
  `updated_at` timestamp NULL DEFAULT NULL
) ENGINE=InnoDB DEFAULT CHARSET=utf8mb4 COLLATE=utf8mb4_unicode_ci;

--
-- Dumping data for table `redaksis`
--

INSERT INTO `redaksis` (`id`, `nama_redaksi`, `deskripsi_redaksi`, `sub_deskripsi`, `created_at`, `updated_at`) VALUES
(1, '(SP-APP) Penerbitan PK ULP', 'Rincian Pekerjaan diterbitkan dengan Perintah Kerja dari Manager Unit Layanan Pelanggan.', '', '2022-12-15 04:45:03', '2022-12-15 04:45:03'),
(2, '(SP-APP) Syarat Bayar 95%', 'Surat Perjanjian/Kontrak Rinci jenis Pengadaan Jasa/Pengadaan Jasa dan Material/Supply Erect, pembayaran dilaksanakan sebanyak 2 (dua) tahap, Pembayaran Tahap I sebesar 95% (sembilan puluh lima persen) dari nilai Surat Perjanjian/Kontrak Rinci akan dilakukan setelah semua pekerjaan 100% dilaksanakan dengan cara PIHAK KEDUA mengajukan surat permohonan pembayaran dengan melampirkan dokumen-dokumen sebagai berikut :', 'a. Kwitansi bermaterai cukup;&\n            b. Surat Perjanjian/Kontrak Rinci;&\n            c. Faktur Pajak, SSP, Copy NPWP, Copy PKP, Copy surat pemberian nomor seri Faktur Pajak;&\n            d. Berita Acara Serah Terima Pekerjaan (BASTP 1) yang ditandatangani oleh Para Pihak yang dilampiri dengan Laporan Pemeriksaan Pekerjaan;&\n            e. Asli bermaterai Surat Pernyataan Keaslian Barang;&\n            f. Asli bermaterai Surat Pernyataan Jaminan Garansi dari PIHAK KEDUA;&\n            g. Copy Surat Perjanjian/Kontrak;&\n            h. Berita acara khusus apabila ada pekerjaan yang dilaksanakan diluar jam kerja;&\n            i. Bukti pembayaran iuran BPJS Ketenagakerjaan.', '2022-12-15 04:45:03', '2022-12-15 04:45:03'),
(3, '(SP-APP) Syarat Bayar 5%', 'Pembayaran Tahap II sebesar 5% (lima persen) dari nilai Perjanjian/Kontrak akan dilakukan setelah selesainya masa pemeliharaan  berakhir yang dibuktikan dengan Berita Acara Serah Terima Pekerjaan Tahap II dan PIHAK KEDUA mengajukan Surat Permintaan pembayaran yang dilampiri dengan dokumen-dokumen sebagai berikut :', 'a. Kwitansi bermaterai cukup;&\n            b. Copy Surat Perjanjian/Kontrak Rinci;&\n            c. Foto Copy Surat Perjanjian/Kontrak;&\n            d. Faktur Pajak, SSP, Copy NPWP, Copy PKP/, Copy surat pemberian nomor seri Faktur Pajak;&\n            e. Berita Acara Serah Terima Pekerjaan Tahap II (BASTP II).', '2022-12-15 04:45:03', '2022-12-15 04:45:03'),
(4, '(SP-APP) Realisasi atau permintaan addendum', 'Realisasi pekerjaan disampaikan kepada Direksi dan Pengawas pekerjaan paling lambat 3 minggu sebelum masa SPBJ/PO berakhir. Jika kuota belum terpenuhi maka melaporkan surat permohonan Addendum dan jika jumlah realisasi kuota telah mencapai 90% maka dapat melakukan penagihan sesuai prosedur untuk dibuatkan SPBJ/PO selanjutnya.', '', '2022-12-15 04:45:03', '2022-12-15 04:45:03'),
(5, '(JTM) Kordinasi ULP, K3 & Jadwal Padam', 'Sebelum melakukan pekerjaan agar berkoordinasi dengan ULP terkait sebagai tindak lanjut monitoring jadwal padam, K3L, dan hal lain yang menjadi perhatian.', '', '2022-12-15 04:45:03', '2022-12-15 04:45:03'),
(6, '(JTM) Syarat Bayar 95%', 'Surat Perjanjian/Kontrak Rinci jenis Pengadaan Jasa/Pengadaan Jasa dan Material/Supply Erect, pembayaran dilaksanakan sebanyak 2 (dua) tahap, Pembayaran Tahap I sebesar 95% (sembilan puluh lima persen) dari nilai Surat Perjanjian/Kontrak Rinci akan dilakukan setelah semua pekerjaan 100% dilaksanakan dengan cara PIHAK KEDUA mengajukan surat permohonan pembayaran dengan melampirkan dokumen-dokumen sebagai berikut :', 'a. Kwitansi bermaterai cukup;&\r\n            b. Surat Perjanjian/Kontrak Rinci dan Addendum (Jika ada);&\r\n            c. Faktur Pajak, SSP, Copy NPWP, Copy PKP, Copy surat pemberian nomor seri Faktur Pajak;&\r\n            d. Berita Acara Serah Terima Pekerjaan (BASTP 1) yang ditandatangani oleh Para Pihak yang dilampiri dengan Berita Acara Siap Operasi dan Kalkulasi Akhir;&\r\n            e. Asli bermaterai Surat Pernyataan Keaslian Barang;&\r\n            f. Asli bermaterai Surat Pernyataan Jaminan Garansi dari PIHAK KEDUA;&\r\n            g. Copy Surat Perjanjian/Kontrak;&\r\n            h. Berita acara khusus apabila ada pekerjaan yang dilaksanakan diluar jam kerja;&\r\n            i. Bukti pembayaran iuran BPJS Ketenagakerjaan;&\r\n            j. Lampiran data titik koordinat per tiang untuk JTM dan JTR.', '2022-12-15 04:45:03', '2022-12-15 04:45:03'),
(7, '(JTM) Syarat Bayar 5%', 'Pembayaran Tahap II sebesar 5% (lima persen) dari nilai Perjanjian/Kontrak akan dilakukan setelah selesainya masa pemeliharaan  berakhir yang dibuktikan dengan Berita Acara Serah Terima Pekerjaan Tahap II dan PIHAK KEDUA mengajukan Surat Permintaan pembayaran yang dilampiri dengan dokumen-dokumen sebagai berikut :', 'a. Kwitansi bermaterai cukup;&\r\n            b. Copy Surat Perjanjian/Kontrak Rinci dan Addendum (Jika ada);&\r\n            c. Foto Copy Surat Perjanjian/Kontrak;&\r\n            d. Faktur Pajak, SSP, Copy NPWP, Copy PKP, Copy surat pemberian nomor seri Faktur Pajak;&\r\n            e. Berita Acara Serah Terima Pekerjaan Tahap II (BASTP II) dan Kalkulasi Akhir.', '2022-12-15 04:45:03', '2022-12-15 04:45:03');

-- --------------------------------------------------------

--
-- Table structure for table `rincian_induks`
--

CREATE TABLE `rincian_induks` (
  `id` bigint UNSIGNED NOT NULL,
  `khs_id` bigint UNSIGNED DEFAULT NULL,
  `kategori` varchar(255) COLLATE utf8mb4_unicode_ci NOT NULL,
  `nama_item` varchar(255) COLLATE utf8mb4_unicode_ci NOT NULL,
  `satuan_id` bigint UNSIGNED NOT NULL,
  `harga_satuan` int NOT NULL,
  `created_at` timestamp NULL DEFAULT NULL,
  `updated_at` timestamp NULL DEFAULT NULL
) ENGINE=InnoDB DEFAULT CHARSET=utf8mb4 COLLATE=utf8mb4_unicode_ci;

--
-- Dumping data for table `rincian_induks`
--

INSERT INTO `rincian_induks` (`id`, `khs_id`, `kategori`, `nama_item`, `satuan_id`, `harga_satuan`, `created_at`, `updated_at`) VALUES
(1, 1, 'Jasa', 'Penarikan kabel TIC 2x10 mm2', 1, 31980, '2022-12-15 04:49:07', '2022-12-15 04:49:07'),
(2, 1, 'Jasa', 'Pemasangan Service Wedge Clamp 1 Fasa', 2, 8890, '2022-12-15 04:49:07', '2022-12-15 04:49:07'),
(3, 1, 'Jasa', 'Pemasangan Tapping Seri ', 2, 12440, '2022-12-15 04:49:07', '2022-12-15 04:49:07'),
(4, 1, 'Jasa', 'Pemasangan pin connector di APP', 2, 10660, '2022-12-15 04:49:07', '2022-12-15 04:49:07'),
(5, 1, 'Jasa', 'Pemasangan APP 1 phasa', 3, 45940, '2022-12-15 04:49:07', '2022-12-15 04:49:07'),
(6, 1, 'Jasa', 'Penarikan kabel TIC 3 phasa', 1, 63960, '2022-12-15 04:49:07', '2022-12-15 04:49:07'),
(7, 1, 'Jasa', 'Pemasangan Service Wedge Clamp 3 Fasa', 2, 8890, '2022-12-15 04:49:07', '2022-12-15 04:49:07'),
(8, 1, 'Jasa', 'Pemasangan Tapping Tiang ke Pelanggan', 2, 24880, '2022-12-15 04:49:07', '2022-12-15 04:49:07'),
(9, 1, 'Jasa', 'Pemasangan schoen / sepatu kabel', 2, 17770, '2022-12-15 04:49:07', '2022-12-15 04:49:07'),
(10, 1, 'Jasa', 'Pemasangan kWh-kVArh meter elektronik 3 ph pengukuran langsung TR', 3, 108880, '2022-12-15 04:49:07', '2022-12-15 04:49:07'),
(11, 1, 'Jasa', 'Pemasangan kWh-kVArh meter elektronik 3 ph pengukuran tidak langsung TR', 3, 108880, '2022-12-15 04:49:07', '2022-12-15 04:49:07'),
(12, 1, 'Jasa', 'Pemasangan kWh meter mekanik 3 phasa pengukuran langsung TR', 3, 108880, '2022-12-15 04:49:07', '2022-12-15 04:49:07'),
(13, 1, 'Jasa', 'Pemasangan kWh meter mekanik 3 phasa pengukuran tidak langsung TR', 3, 108880, '2022-12-15 04:49:07', '2022-12-15 04:49:07'),
(14, 1, 'Jasa', 'Pemasangan kVArh meter mekanik 3 phasa pengukuran tidak langsung TR', 3, 108880, '2022-12-15 04:49:07', '2022-12-15 04:49:07'),
(15, 1, 'Jasa', 'Pemasangan kWh-kVArh meter 3 phasa pengukuran TM', 3, 177660, '2022-12-15 04:49:07', '2022-12-15 04:49:07'),
(16, 1, 'Jasa', 'Pemasangan Panel APP 3 ph pengukuran langsung TR', 3, 88480, '2022-12-15 04:49:07', '2022-12-15 04:49:07'),
(17, 1, 'Jasa', 'Pemasangan Panel APP 3 ph pengukuran tidak langsung TR lengkap', 3, 88480, '2022-12-15 04:49:07', '2022-12-15 04:49:07'),
(18, 1, 'Jasa', 'Pemasangan Panel APP 3 ph pengukuran tidak langsung TR (+ kVArh meter mekanik) lengkap', 3, 123860, '2022-12-15 04:49:07', '2022-12-15 04:49:07'),
(19, 1, 'Jasa', 'Pemasangan Panel APP 3 ph pengukuran TM', 3, 88480, '2022-12-15 04:49:07', '2022-12-15 04:49:07'),
(20, 1, 'Jasa', 'Pemasangan CT TR', 2, 118440, '2022-12-15 04:49:07', '2022-12-15 04:49:07'),
(21, 1, 'Jasa', 'Pemasangan CT TM in door', 2, 222070, '2022-12-15 04:49:07', '2022-12-15 04:49:07'),
(22, 1, 'Jasa', 'Pemasangan PT TM in door', 2, 222070, '2022-12-15 04:49:07', '2022-12-15 04:49:07'),
(23, 1, 'Jasa', 'Pemasangan CT TM out door', 2, 222070, '2022-12-15 04:49:07', '2022-12-15 04:49:07'),
(24, 1, 'Jasa', 'Pemasangan PT TM out door', 2, 222070, '2022-12-15 04:49:07', '2022-12-15 04:49:07'),
(25, 1, 'Jasa', 'Pemasangan Piercing Connector 1 baut', 2, 7110, '2022-12-15 04:49:07', '2022-12-15 04:49:07'),
(26, 1, 'Jasa', 'Pemasangan Piercing Connector 2 baut', 2, 9780, '2022-12-15 04:49:07', '2022-12-15 04:49:07'),
(27, 1, 'Jasa', 'Pemasangan  open cell  pada pelanggan ( tanpa meter )', 3, 2951650, '2022-12-15 04:49:07', '2022-12-15 04:49:07'),
(28, 1, 'Jasa', 'Pemasangan modem AMR ', 3, 88830, '2022-12-15 04:49:07', '2022-12-15 04:49:07'),
(29, 1, 'Jasa', 'Pengambilan data di pelangganberbasis web ( Maccommo ) ', 1, 71070, '2022-12-15 04:49:07', '2022-12-15 04:49:07'),
(30, 1, 'Jasa', 'Pemasangan dastandar (tiang atap)', 3, 71070, '2022-12-15 04:49:07', '2022-12-15 04:49:07'),
(31, 1, 'Jasa', 'Pemasangan kabel SMP', 3, 17770, '2022-12-15 04:49:07', '2022-12-15 04:49:07'),
(32, 1, 'Jasa', 'Pemasangan OK I', 2, 26650, '2022-12-15 04:49:07', '2022-12-15 04:49:07'),
(33, 1, 'Jasa', 'Pemasangan OK III', 2, 53300, '2022-12-15 04:49:07', '2022-12-15 04:49:07'),
(34, 1, 'Jasa', 'Pemasangan Time Switch', 2, 44420, '2022-12-15 04:49:07', '2022-12-15 04:49:07'),
(35, 1, 'Jasa', 'Pemasangan MCB 1 phasa', 2, 26650, '2022-12-15 04:49:07', '2022-12-15 04:49:07'),
(36, 1, 'Jasa', 'Pemasangan MCB 3 phasa', 2, 53300, '2022-12-15 04:49:07', '2022-12-15 04:49:07'),
(37, 1, 'Jasa', 'Pemasangan MCCB 3 phasa', 2, 97720, '2022-12-15 04:49:07', '2022-12-15 04:49:07'),
(38, 1, 'Jasa', 'Jasa survey SP/APP (<20 Km ULP Terdekat)', 1, 27580, '2022-12-15 04:49:07', '2022-12-15 04:49:07'),
(39, 1, 'Jasa', 'Jasa survey SP/APP (>20 Km ULP Terdekat) ', 1, 31260, '2022-12-15 04:49:07', '2022-12-15 04:49:07'),
(40, 1, 'Jasa', 'Jasa survey SP/APP (>20 Km ULP Terdekat)  antar pulau', 1, 36770, '2022-12-15 04:49:07', '2022-12-15 04:49:07'),
(41, 1, 'Jasa', 'Jasa pemasangan belalai JTR 1 phasa (3 kabel) @3 kabel + pemasangan 3 CCO', 3, 71980, '2022-12-15 04:49:07', '2022-12-15 04:49:07'),
(42, 1, 'Jasa', 'Jasa pemasangan belalai JTR 3 phasa (4 kabel) @4 kabel + pemasangan 4 CCO', 3, 107970, '2022-12-15 04:49:07', '2022-12-15 04:49:07'),
(43, 1, 'Jasa', 'Jasa pemasangan SPLU Hook', 4, 355200, '2022-12-15 04:49:07', '2022-12-15 04:49:07'),
(44, 1, 'Jasa', 'Jasa pemasangan SPLU Standing', 3, 568839, '2022-12-15 04:49:07', '2022-12-15 04:49:07'),
(45, 1, 'Jasa', 'Jasa Pemeliharaan APP pelanggan TR ', 1, 71980, '2022-12-15 04:49:07', '2022-12-15 04:49:07'),
(46, 1, 'Jasa', 'Jasa Pemeliharaan APP pelanggan TM', 1, 310800, '2022-12-15 04:49:07', '2022-12-15 04:49:07'),
(47, 1, 'Jasa', 'Jasa input data FSO (termasuk sewa HP)', 1, 9510, '2022-12-15 04:49:07', '2022-12-15 04:49:07'),
(48, 1, 'Jasa', 'Jasa Penginputan Token', 1, 6160, '2022-12-15 04:49:07', '2022-12-15 04:49:07'),
(49, 1, 'Jasa', 'Pembongkaran kabel SP 1 phasa', 1, 15990, '2022-12-15 04:49:07', '2022-12-15 04:49:07'),
(50, 1, 'Jasa', 'Pembongkaran Service Wedge Clamp 1 phasa', 2, 4450, '2022-12-15 04:49:07', '2022-12-15 04:49:07'),
(51, 1, 'Jasa', 'Pembongkaran Tapping Seri', 2, 6220, '2022-12-15 04:49:07', '2022-12-15 04:49:07'),
(52, 1, 'Jasa', 'Pembongkaran pin connector di APP', 2, 5330, '2022-12-15 04:49:07', '2022-12-15 04:49:07'),
(53, 1, 'Jasa', 'Pembongkaran APP 1 phasa ', 3, 23080, '2022-12-15 04:49:07', '2022-12-15 04:49:07'),
(54, 1, 'Jasa', 'Pembongkaran kabel SP 3 phasa', 1, 31980, '2022-12-15 04:49:07', '2022-12-15 04:49:07'),
(55, 1, 'Jasa', 'Pembongkaran Service Wedge Clamp 3 phasa', 2, 4450, '2022-12-15 04:49:07', '2022-12-15 04:49:07'),
(56, 1, 'Jasa', 'Pembongkaran Tapping Tiang ke Pelanggan', 2, 12440, '2022-12-15 04:49:07', '2022-12-15 04:49:07'),
(57, 1, 'Jasa', 'Pembongkaran schoen / sepatu kabel', 2, 8890, '2022-12-15 04:49:07', '2022-12-15 04:49:07'),
(58, 1, 'Jasa', 'Pembongkaran kWh-kVArh meter elektronik 3 ph pengukuran langsung TR', 3, 54440, '2022-12-15 04:49:07', '2022-12-15 04:49:07'),
(59, 1, 'Jasa', 'Pembongkaran kWh-kVArh meter elektronik 3 ph pengukuran tidak langsung TR', 3, 54440, '2022-12-15 04:49:07', '2022-12-15 04:49:07'),
(60, 1, 'Jasa', 'Pembongkaran kWh meter mekanik 3 phasa pengukuran langsung TR', 3, 54440, '2022-12-15 04:49:07', '2022-12-15 04:49:07'),
(61, 1, 'Jasa', 'pembongkaran kWh meter mekanik 3 phasa pengukuran tidak langsung TR', 3, 54440, '2022-12-15 04:49:07', '2022-12-15 04:49:07'),
(62, 1, 'Jasa', 'pembongkaran kVArh meter mekanik 3 phasa pengukuran tidak langsung TR', 3, 54440, '2022-12-15 04:49:07', '2022-12-15 04:49:07'),
(63, 1, 'Jasa', 'pembongkaran kWh-kVArh meter 3 phasa pengukuran TM', 3, 88830, '2022-12-15 04:49:07', '2022-12-15 04:49:07'),
(64, 1, 'Jasa', 'pembongkaran Panel APP 3 ph pengukuran langsung TR', 3, 44240, '2022-12-15 04:49:07', '2022-12-15 04:49:07'),
(65, 1, 'Jasa', 'pembongkaran Panel APP 3 ph pengukuran tidak langsung TR lengkap', 3, 44240, '2022-12-15 04:49:07', '2022-12-15 04:49:07'),
(66, 1, 'Jasa', 'pembongkaran Panel APP 3 ph pengukuran tidak langsung TR (+ kVArh meter mekanik) lengkap', 3, 61930, '2022-12-15 04:49:07', '2022-12-15 04:49:07'),
(67, 1, 'Jasa', 'pembongkaran Panel APP 3 ph pengukuran TM', 3, 44240, '2022-12-15 04:49:07', '2022-12-15 04:49:07'),
(68, 1, 'Jasa', 'pembongkaran CT TR', 2, 59220, '2022-12-15 04:49:07', '2022-12-15 04:49:07'),
(69, 1, 'Jasa', 'pembongkaran CT TM in door', 2, 111040, '2022-12-15 04:49:07', '2022-12-15 04:49:07'),
(70, 1, 'Jasa', 'pembongkaran PT TM in door', 2, 111040, '2022-12-15 04:49:07', '2022-12-15 04:49:07'),
(71, 1, 'Jasa', 'pembongkaran CT TM out door', 2, 111040, '2022-12-15 04:49:07', '2022-12-15 04:49:07'),
(72, 1, 'Jasa', 'pembongkaran PT TM out door', 2, 111040, '2022-12-15 04:49:07', '2022-12-15 04:49:07'),
(73, 1, 'Jasa', 'pembongkaran Piercing Connector 1 baut', 2, 3560, '2022-12-15 04:49:07', '2022-12-15 04:49:07'),
(74, 1, 'Jasa', 'pembongkaran Piercing Connector 2 baut', 2, 4890, '2022-12-15 04:49:07', '2022-12-15 04:49:07'),
(75, 1, 'Jasa', 'pembongkaran modem AMR ', 3, 44420, '2022-12-15 04:49:07', '2022-12-15 04:49:07'),
(76, 1, 'Jasa', 'pembongkaran dastandar (tiang atap)', 3, 35540, '2022-12-15 04:49:07', '2022-12-15 04:49:07'),
(77, 1, 'Jasa', 'pembongkaran kabel SMP', 3, 8890, '2022-12-15 04:49:07', '2022-12-15 04:49:07'),
(78, 1, 'Jasa', 'pembongkaran OK I', 2, 13330, '2022-12-15 04:49:07', '2022-12-15 04:49:07'),
(79, 1, 'Jasa', 'pembongkaran OK III', 2, 26650, '2022-12-15 04:49:07', '2022-12-15 04:49:07'),
(80, 1, 'Jasa', 'pembongkaran Time Switch', 2, 22210, '2022-12-15 04:49:07', '2022-12-15 04:49:07'),
(81, 1, 'Jasa', 'pembongkaran MCB 1 phasa', 2, 13330, '2022-12-15 04:49:07', '2022-12-15 04:49:07'),
(82, 1, 'Jasa', 'pembongkaran MCB 3 phasa', 2, 26650, '2022-12-15 04:49:07', '2022-12-15 04:49:07'),
(83, 1, 'Jasa', 'pembongkaran MCCB 3 phasa', 2, 48860, '2022-12-15 04:49:07', '2022-12-15 04:49:07'),
(84, 1, 'Jasa', 'Bongkar ( penggantian ) kabel SMP', 3, 39090, '2022-12-15 04:49:07', '2022-12-15 04:49:07'),
(85, 1, 'Jasa', 'Pemindahan lampu jalan', 2, 177660, '2022-12-15 04:49:07', '2022-12-15 04:49:07'),
(86, 1, 'Jasa', 'Pengencangan konektor, schoen & terminal APP', 3, 17770, '2022-12-15 04:49:07', '2022-12-15 04:49:07'),
(87, 1, 'Jasa', 'Perbaikan wiring APP 1 phasa model kWh mekanik', 3, 19550, '2022-12-15 04:49:07', '2022-12-15 04:49:07'),
(88, 1, 'Jasa', 'Perbaikan wiring APP 3 phasa model kWh mekanik pengukuran langsung TR', 3, 35540, '2022-12-15 04:49:07', '2022-12-15 04:49:07'),
(89, 1, 'Jasa', 'Perbaikan wiring APP 3 phasa model kWh mekanik pengukuran tidak langsung TR', 3, 71070, '2022-12-15 04:49:07', '2022-12-15 04:49:07'),
(90, 1, 'Jasa', 'Perbaikan dak standar miring bocor', 3, 78170, '2022-12-15 04:49:07', '2022-12-15 04:49:07'),
(91, 1, 'Jasa', 'Perbaikan dak standar miring bocor + material', 3, 141990, '2022-12-15 04:49:07', '2022-12-15 04:49:07'),
(92, 1, 'Jasa', 'Pemeliharaan komunikasi & peralatan modem AMR ', 3, 71070, '2022-12-15 04:49:07', '2022-12-15 04:49:07'),
(93, 1, 'Jasa', 'Jasa pemasangan IB (rumah batu)', 1, 45190, '2022-12-15 04:49:07', '2022-12-15 04:49:07'),
(94, 1, 'Jasa', 'Penggantian Kwh LPB (Bongkar Pasang)', 3, 71070, '2022-12-15 04:49:07', '2022-12-15 04:49:07'),
(95, 1, 'Jasa', 'Jasa angkutan darat untuk jarak  300 km (kondisi ringan)', 5, 8800, '2022-12-15 04:49:07', '2022-12-15 04:49:07'),
(96, 1, 'Jasa', 'Jasa angkutan darat untuk jarak  300 km (kondisi sedang)', 5, 11000, '2022-12-15 04:49:07', '2022-12-15 04:49:07'),
(97, 1, 'Jasa', 'Jasa angkutan darat untuk jarak  300 km (kondisi berat)', 5, 13200, '2022-12-15 04:49:07', '2022-12-15 04:49:07'),
(98, 1, 'Jasa', 'Jasa angkutan darat untuk jarak <300 km (kondisi ringan)', 5, 6520, '2022-12-15 04:49:07', '2022-12-15 04:49:07'),
(99, 1, 'Jasa', 'Jasa angkutan darat untuk jarak <300 km (kondisi sedang)', 5, 8150, '2022-12-15 04:49:07', '2022-12-15 04:49:07'),
(100, 1, 'Jasa', 'Jasa angkutan darat untuk jarak <300 km (kondisi Berat)', 5, 9780, '2022-12-15 04:49:07', '2022-12-15 04:49:07'),
(101, 1, 'Jasa', 'Jasa angkutan laut antar propinsi', 6, 2300, '2022-12-15 04:49:07', '2022-12-15 04:49:07'),
(102, 1, 'Jasa', 'Jasa Angkutan laut kepulauan dalam propinsi', 5, 9390, '2022-12-15 04:49:07', '2022-12-15 04:49:07'),
(103, 1, 'Jasa', 'Pekerjaan perampalan pohon', 7, 448340, '2022-12-15 04:49:07', '2022-12-15 04:49:07'),
(104, 1, 'Jasa', 'Pekerjaan Tebang Pohon', 8, 358670, '2022-12-15 04:49:07', '2022-12-15 04:49:07'),
(105, 1, 'Material', 'Timah Segel / 6 ( 12 mm )', 17, 56816, '2022-12-15 06:10:08', '2022-12-15 06:10:08'),
(106, 1, 'Material', 'Kawat Segel / 17', 17, 63132, '2022-12-15 06:10:08', '2022-12-15 06:10:08'),
(107, 1, 'Material', 'Strain hook Clamp 1,5\"', 2, 14020, '2022-12-15 06:10:08', '2022-12-15 06:10:08'),
(108, 1, 'Material', 'Strain Hook ( Ekor Babi )', 2, 6761, '2022-12-15 06:10:08', '2022-12-15 06:10:08'),
(109, 1, 'Material', 'Pole bracket three way 3-4\"', 2, 25465, '2022-12-15 06:10:08', '2022-12-15 06:10:08'),
(110, 1, 'Material', 'Pole bracket three way 8-9\"', 2, 36272, '2022-12-15 06:10:08', '2022-12-15 06:10:08'),
(111, 1, 'Material', 'Pole bracket two way 6-7\"', 2, 26874, '2022-12-15 06:10:08', '2022-12-15 06:10:08'),
(112, 1, 'Material', 'Pole bracket two way 8-9\"', 2, 35776, '2022-12-15 06:10:08', '2022-12-15 06:10:08'),
(113, 1, 'Material', 'Protective cap / dark invooring 3 1,5\"', 2, 12122, '2022-12-15 06:10:08', '2022-12-15 06:10:08'),
(114, 1, 'Material', 'Protective cap / dark invooring 3 1,5\" plastik', 2, 5473, '2022-12-15 06:10:08', '2022-12-15 06:10:08'),
(115, 1, 'Material', 'Pole attachment fitting / L bracket', 2, 5615, '2022-12-15 06:10:08', '2022-12-15 06:10:08'),
(116, 1, 'Material', 'Fixing collar', 2, 5768, '2022-12-15 06:10:08', '2022-12-15 06:10:08'),
(117, 1, 'Material', 'Service Wedge Clamp 616 (1 Phasa) 6-10-16 mm2 ', 2, 4346, '2022-12-15 06:10:08', '2022-12-15 06:10:08'),
(118, 1, 'Material', 'Service Wedge Clamp 616 (3 Phasa) 6-10-16-25 mm2', 2, 6055, '2022-12-15 06:10:08', '2022-12-15 06:10:08'),
(119, 1, 'Material', 'Piercing Tap Connector Overtorque Kedap Air 6-25/35-70 mm2', 2, 8173, '2022-12-15 06:10:08', '2022-12-15 06:10:08'),
(120, 1, 'Material', 'Comperssion joint bimetal (Al/Cu) + Headshrink 10 -10 mm', 2, 29673, '2022-12-15 06:10:08', '2022-12-15 06:10:08'),
(121, 1, 'Material', 'Comperssion joint bimetal (Al/Cu) + Headshrink 16 - 4 mm', 2, 31874, '2022-12-15 06:10:08', '2022-12-15 06:10:08'),
(122, 1, 'Material', 'Comperssion joint bimetal (Al/Cu) + Headshrink 16 - 6 mm', 2, 31874, '2022-12-15 06:10:08', '2022-12-15 06:10:08'),
(123, 1, 'Material', 'Comperssion joint bimetal (Al/Cu) + Headshrink 16 -10 mm', 2, 31874, '2022-12-15 06:10:08', '2022-12-15 06:10:08'),
(124, 1, 'Material', 'Comperssion joint bimetal (Al/Cu) + Headshrink 16 - 16 mm', 2, 31874, '2022-12-15 06:10:08', '2022-12-15 06:10:08'),
(125, 1, 'Material', 'CCO 16/35 Al + HS', 2, 10549, '2022-12-15 06:10:08', '2022-12-15 06:10:08'),
(126, 1, 'Material', 'CCO 35/35 Al + HS', 2, 15224, '2022-12-15 06:10:08', '2022-12-15 06:10:08'),
(127, 1, 'Material', 'CCO 35/70 Al + HS', 2, 15767, '2022-12-15 06:10:08', '2022-12-15 06:10:08'),
(128, 1, 'Material', 'CCO 70/70 Al + HS', 2, 12805, '2022-12-15 06:10:08', '2022-12-15 06:10:08'),
(129, 1, 'Material', 'CCO 10-16/10-16 Al + HS', 9, 9805, '2022-12-15 06:10:08', '2022-12-15 06:10:08'),
(130, 1, 'Material', 'CCO 35-25/10-16 Al + HS', 9, 14016, '2022-12-15 06:10:08', '2022-12-15 06:10:08'),
(131, 1, 'Material', 'CCO 50-70/10-16 Al + HS', 9, 15541, '2022-12-15 06:10:08', '2022-12-15 06:10:08'),
(132, 1, 'Material', 'Kabel NYY 2x2.5 mm2', 9, 11070, '2022-12-15 06:10:08', '2022-12-15 06:10:08'),
(133, 1, 'Material', 'Kabel NYY 2x4 mm2', 9, 19299, '2022-12-15 06:10:08', '2022-12-15 06:10:08'),
(134, 1, 'Material', 'Kabel NYY 3x2.5 mm2', 9, 16673, '2022-12-15 06:10:08', '2022-12-15 06:10:08'),
(135, 1, 'Material', 'Kabel NYY 3x4 mm2', 9, 22107, '2022-12-15 06:10:08', '2022-12-15 06:10:08'),
(136, 1, 'Material', 'Kabel NYY 4x2.5 mm2', 2, 20050, '2022-12-15 06:10:08', '2022-12-15 06:10:08'),
(137, 1, 'Material', 'Kabel NYY 4x4 mm2', 9, 26334, '2022-12-15 06:10:08', '2022-12-15 06:10:08'),
(138, 1, 'Material', 'Kabel NYY 4x10 mm2', 9, 70734, '2022-12-15 06:10:08', '2022-12-15 06:10:08'),
(139, 1, 'Material', 'Kabel NYY 4x16 mm2', 9, 104699, '2022-12-15 06:10:08', '2022-12-15 06:10:08'),
(140, 1, 'Material', 'Kabel NYY 4x35 mm2', 9, 219428, '2022-12-15 06:10:08', '2022-12-15 06:10:08'),
(141, 1, 'Material', 'Kabel NYAF 4x2.5 mm2', 3, 20094, '2022-12-15 06:10:08', '2022-12-15 06:10:08'),
(142, 1, 'Material', 'Kabel NYAF 4x4 mm2', 3, 32164, '2022-12-15 06:10:08', '2022-12-15 06:10:08'),
(143, 1, 'Material', 'Bendera phasa', 3, 9167, '2022-12-15 06:10:08', '2022-12-15 06:10:08'),
(144, 1, 'Material', 'Pipa PVC 0.5\" 4 9 +Elbow+ Paku+ Sadel', 3, 38722, '2022-12-15 06:10:08', '2022-12-15 06:10:08'),
(145, 1, 'Material', 'Pipa PVC 3/4\" 4 9 +Elbow+ Paku+ Sadel', 3, 47695, '2022-12-15 06:10:08', '2022-12-15 06:10:08'),
(146, 1, 'Material', 'Pipa PVC 1.5\" 4 9 +Elbow+ Paku+ Sadel', 3, 53889, '2022-12-15 06:10:08', '2022-12-15 06:10:08'),
(147, 1, 'Material', 'Pipa PVC 2\" 4 9 +Elbow+ Paku+ Sadel', 2, 84336, '2022-12-15 06:10:08', '2022-12-15 06:10:08'),
(148, 1, 'Material', 'Pipa PVC 3\" 4 9 +Elbow+ Paku+ Sadel', 2, 133487, '2022-12-15 06:10:08', '2022-12-15 06:10:08'),
(149, 1, 'Material', 'Pipa PVC 4\" 4 9 +Elbow+ Paku+ Sadel', 2, 165132, '2022-12-15 06:10:08', '2022-12-15 06:10:08'),
(150, 1, 'Material', 'sadel no. 12 lengkap', 3, 238, '2022-12-15 06:10:08', '2022-12-15 06:10:08'),
(151, 1, 'Material', 'Zengkendak / Timah Plastik', 2, 17969, '2022-12-15 06:10:08', '2022-12-15 06:10:08'),
(152, 1, 'Material', 'Strain Hook', 2, 7506, '2022-12-15 06:10:08', '2022-12-15 06:10:08'),
(153, 1, 'Material', 'Begel D 50 mm / Cable PWR ACC Beugel Dekst', 2, 13095, '2022-12-15 06:10:08', '2022-12-15 06:10:08'),
(154, 1, 'Material', 'Protive (invuring)', 2, 9755, '2022-12-15 06:10:08', '2022-12-15 06:10:08'),
(155, 1, 'Material', 'Paku 7 cm', 6, 22474, '2022-12-15 06:10:08', '2022-12-15 06:10:08'),
(156, 1, 'Material', 'Duck Standard 1.5x1500 mm', 11, 135246, '2022-12-15 06:10:08', '2022-12-15 06:10:08'),
(157, 1, 'Material', 'Fisher Plastik + Baut 10 mm', 3, 3480, '2022-12-15 06:10:08', '2022-12-15 06:10:08'),
(158, 1, 'Material', 'Fisher Plastik + Baut 12 mm', 3, 2507, '2022-12-15 06:10:08', '2022-12-15 06:10:08'),
(159, 1, 'Material', 'Dyna Bolt (Fisher Besi) 12 mm', 2, 6746, '2022-12-15 06:10:08', '2022-12-15 06:10:08'),
(160, 1, 'Material', 'Mur baut 5/8\" x 150 mm', 2, 8047, '2022-12-15 06:10:08', '2022-12-15 06:10:08'),
(161, 1, 'Material', 'Besi UMP 10 Galvanized Dudukan CT PT', 3, 2994360, '2022-12-15 06:10:08', '2022-12-15 06:10:08'),
(163, 1, 'Jasa', 'Nama Item Baru Jasa', 5, 120000, '2022-12-16 08:20:38', '2022-12-16 08:20:38');

-- --------------------------------------------------------

--
-- Table structure for table `satuans`
--

CREATE TABLE `satuans` (
  `id` bigint UNSIGNED NOT NULL,
  `singkatan` varchar(255) COLLATE utf8mb4_unicode_ci NOT NULL,
  `kepanjangan` varchar(255) COLLATE utf8mb4_unicode_ci NOT NULL,
  `created_at` timestamp NULL DEFAULT NULL,
  `updated_at` timestamp NULL DEFAULT NULL
) ENGINE=InnoDB DEFAULT CHARSET=utf8mb4 COLLATE=utf8mb4_unicode_ci;

--
-- Dumping data for table `satuans`
--

INSERT INTO `satuans` (`id`, `singkatan`, `kepanjangan`, `created_at`, `updated_at`) VALUES
(1, 'plg', 'Pelanggan', '2022-12-15 04:45:02', '2022-12-15 04:45:02'),
(2, 'bh', 'Buah', '2022-12-15 04:45:02', '2022-12-15 04:45:02'),
(3, 'set', 'Set', '2022-12-15 04:45:02', '2022-12-15 04:45:02'),
(4, 'plg', 'Pelanggan', '2022-12-15 04:45:02', '2022-12-15 04:45:02'),
(5, 'titik', 'Titik', '2022-12-15 04:45:02', '2022-12-15 04:45:02'),
(6, 'kg', 'Kilogram', '2022-12-15 04:45:02', '2022-12-15 04:45:02'),
(7, 'Rp/Ton.km', 'Rupiah per Tonase', '2022-12-15 04:45:02', '2022-12-15 04:45:02'),
(8, 'Pohon', 'Pohon', '2022-12-15 04:45:02', '2022-12-15 04:45:02'),
(9, 'meter', 'Meter', '2022-12-15 04:45:02', '2022-12-15 04:45:02'),
(10, 'lubang', 'Lubang', '2022-12-15 04:45:02', '2022-12-15 04:45:02'),
(11, 'btg', 'Batang', '2022-12-15 04:45:02', '2022-12-15 04:45:02'),
(12, 'Kms', 'Kilometer sirkit', '2022-12-15 04:45:02', '2022-12-15 04:45:02'),
(13, 'panel', 'Panel', '2022-12-15 04:45:02', '2022-12-15 04:45:02'),
(14, 'ls', 'Lumpsum', '2022-12-15 04:45:02', '2022-12-15 04:45:02'),
(15, 'gawang', 'Gawang', '2022-12-15 04:45:02', '2022-12-15 04:45:02'),
(16, 'gr', 'Gram', '2022-12-15 04:45:02', '2022-12-15 04:45:02'),
(17, 'roll', 'Roll', '2022-12-15 04:45:02', '2022-12-15 04:45:02');

-- --------------------------------------------------------

--
-- Table structure for table `skks`
--

CREATE TABLE `skks` (
  `id` bigint UNSIGNED NOT NULL,
  `nomor_skk` varchar(255) COLLATE utf8mb4_unicode_ci DEFAULT NULL,
  `uraian_skk` varchar(255) COLLATE utf8mb4_unicode_ci NOT NULL,
  `pagu_skk` varchar(255) COLLATE utf8mb4_unicode_ci NOT NULL,
  `skk_terkontrak` varchar(255) COLLATE utf8mb4_unicode_ci NOT NULL,
  `skk_realisasi` varchar(255) COLLATE utf8mb4_unicode_ci NOT NULL,
  `skk_terbayar` varchar(255) COLLATE utf8mb4_unicode_ci NOT NULL,
  `skk_sisa` varchar(255) COLLATE utf8mb4_unicode_ci NOT NULL,
  `created_at` timestamp NULL DEFAULT NULL,
  `updated_at` timestamp NULL DEFAULT NULL
) ENGINE=InnoDB DEFAULT CHARSET=utf8mb4 COLLATE=utf8mb4_unicode_ci;

--
-- Dumping data for table `skks`
--

INSERT INTO `skks` (`id`, `nomor_skk`, `uraian_skk`, `pagu_skk`, `skk_terkontrak`, `skk_realisasi`, `skk_terbayar`, `skk_sisa`, `created_at`, `updated_at`) VALUES
(1, '020/DAN/2020', 'Pembelian Motor', '0', '249170394', '0', '0', '-249170394', '2022-12-15 04:45:03', '2022-12-16 10:15:09'),
(2, '021/DAN/2021', 'Pembelian Mobil', '12000000000', '1882632372', '0', '0', '10117367628', '2022-12-15 04:45:03', '2022-12-16 08:38:08'),
(3, '022/DAN/2022', 'Pembelian Skuter', '5000000000', '516683', '0', '0', '4999483317', '2022-12-15 04:45:03', '2022-12-16 02:17:46');

-- --------------------------------------------------------

--
-- Table structure for table `users`
--

CREATE TABLE `users` (
  `id` bigint UNSIGNED NOT NULL,
  `name` varchar(255) COLLATE utf8mb4_unicode_ci NOT NULL,
  `email` varchar(255) COLLATE utf8mb4_unicode_ci NOT NULL,
  `email_verified_at` timestamp NULL DEFAULT NULL,
  `password` varchar(255) COLLATE utf8mb4_unicode_ci NOT NULL,
  `remember_token` varchar(100) COLLATE utf8mb4_unicode_ci DEFAULT NULL,
  `created_at` timestamp NULL DEFAULT NULL,
  `updated_at` timestamp NULL DEFAULT NULL
) ENGINE=InnoDB DEFAULT CHARSET=utf8mb4 COLLATE=utf8mb4_unicode_ci;

-- --------------------------------------------------------

--
-- Table structure for table `vendors`
--

CREATE TABLE `vendors` (
  `id` bigint UNSIGNED NOT NULL,
  `nama_vendor` varchar(255) COLLATE utf8mb4_unicode_ci NOT NULL,
  `nama_direktur` varchar(255) COLLATE utf8mb4_unicode_ci NOT NULL,
  `alamat_kantor_1` varchar(255) COLLATE utf8mb4_unicode_ci NOT NULL,
  `alamat_kantor_2` varchar(255) COLLATE utf8mb4_unicode_ci NOT NULL,
  `no_rek_1` varchar(255) COLLATE utf8mb4_unicode_ci NOT NULL,
  `nama_bank_1` varchar(255) COLLATE utf8mb4_unicode_ci NOT NULL,
  `no_rek_2` varchar(255) COLLATE utf8mb4_unicode_ci NOT NULL,
  `nama_bank_2` varchar(255) COLLATE utf8mb4_unicode_ci NOT NULL,
  `npwp` varchar(255) COLLATE utf8mb4_unicode_ci NOT NULL,
  `created_at` timestamp NULL DEFAULT NULL,
  `updated_at` timestamp NULL DEFAULT NULL
) ENGINE=InnoDB DEFAULT CHARSET=utf8mb4 COLLATE=utf8mb4_unicode_ci;

--
-- Dumping data for table `vendors`
--

INSERT INTO `vendors` (`id`, `nama_vendor`, `nama_direktur`, `alamat_kantor_1`, `alamat_kantor_2`, `no_rek_1`, `nama_bank_1`, `no_rek_2`, `nama_bank_2`, `npwp`, `created_at`, `updated_at`) VALUES
(1, 'PT ALTIN ELEKTRONIK ABADI', 'IR. BACHTIAR ALTIN', 'JL. SULTAN ALAUDDIN III A. NO.7 MAKASSAR', '-', '205301000236307', 'BRI', '-', '-', '732498852804000', '2022-12-15 04:49:17', '2022-12-15 04:49:17'),
(2, 'PT ARYA SABILA ELECTRIK', 'HJ. ASNIAH ARIFIN, SH', 'JL. GUNUNG MERAPI NO.74 MAKASSAR', '-', '1740000763623', 'MANDIRI', '1740001528116', 'MANDIRI', '807093059805000', '2022-12-15 04:49:17', '2022-12-15 04:49:17'),
(3, 'PT CAHAYA PUTRA BERSAMA', 'IRFAN KURNIAWAN', 'JL. DAENG TATA 1 BLOK A2 NO. 1 MAKASSAR', '-', '1520023478999', 'MANDIRI', '1740006777775', 'MANDIRI', '31874308805000', '2022-12-15 04:49:17', '2022-12-15 04:49:17'),
(4, 'PT DARMA KARYA ELEKTRIK', 'DARMAWATI', 'KOMP. RUKO INSIGNIA BTP TAMALANREA BLOK A NO. 7, MAKASSAR', '-', '1520014914911', 'MANDIRI', '64201001803308', 'BRI', '734729254801000', '2022-12-15 04:49:17', '2022-12-15 04:49:17'),
(5, 'PT DISTRIBUSI ENERGI MANDIRI', 'IR.H. MURJANI', 'JL. CENDRAWASIH KOMP. RUKO CENDRAWASIH SQURE NO. C18 MAKASSAR', '-', '1740017175555', 'MANDIRI', '-', '-', '805655248804000', '2022-12-15 04:49:17', '2022-12-15 04:49:17'),
(6, 'PT FASRAT UTAMA', 'DZAKIAH NAS SINONGKO', 'JL. MONUMEN EMMY SAELAN III D NO. 3C MAKASSAR', '-', '1300030000292190', 'BANK SULSELBAR', '64201001358303', 'BRI', '31748783805000', '2022-12-15 04:49:17', '2022-12-15 04:49:17'),
(7, 'PT INDRIA JAYA GOWA', 'H. SYAM SAMAD', 'JL. MANGKA DG BOMBONG NO. 3 SUNGGUMINASA, GOWA', '-', '1740001234905', 'MANDIRI', '-', '-', '806558870807000', '2022-12-15 04:49:17', '2022-12-15 04:49:17'),
(8, 'PT KARYA ANAK SULAWESI', 'ANDI ASRIANI', 'JL. TODDOPULI RAYA UTARA NO. 1 B', '-', '64201001250301', 'BRI', '852442020', 'BNI', '31294218801000', '2022-12-15 04:49:17', '2022-12-15 04:49:17'),
(9, 'PT KARYATAMA MULTI PRIMA', 'EKO SATRIAWAN, SH', 'JL. WADUK BITOA NO. 23 MAKASSAR', '-', '1740000057596', 'MANDIRI', '331344810', 'BNI', '16116337805000', '2022-12-15 04:49:17', '2022-12-15 04:49:17'),
(10, 'PT LABORADE PERDANA ELEKTRIK', 'ABDUL AZIS HARIS', 'JL. YUSUF BAUTI RAYA / DEPAN PERUMAHAN CITRA GARDEN GOWA', '-', '22501001598305', 'BRI', '1740001407113', 'MANDIRI', '830387023807000', '2022-12-15 04:49:17', '2022-12-15 04:49:17'),
(11, 'PT LAKAWAN', 'ARMAN ST.MM', 'PERUM D\'GREENLAND RESIDENCE BLOK B NO.18 LRG. PROF. FACHRUDDIN JL. DG. RAMANG SUDIANG RAYA MAKASSAR', '-', '214101000130304', 'BRI', '1540012693382', 'MANDIRI', '30100671952000', '2022-12-15 04:49:17', '2022-12-15 04:49:17'),
(12, 'PT MAKARYA ANUGERAH SEJATI', 'YAHYA FIRMANSYAH', 'JL. TAMANGAPA 5 NO.68A - 68B MAKASSAR', '-', '1520008667665', 'MANDIRI', '1520008887669', 'MANDIRI', '749966032804000', '2022-12-15 04:49:17', '2022-12-15 04:49:17'),
(13, 'PT MULYA MEGAH PERKASA', 'MAULANA GENDA,ST', 'JL. BITOWA RAYA BLOK 2 NO. 2 MAKASSAR', '-', '64201001308308', 'BRI', '-', '-', '709721252805000', '2022-12-15 04:49:17', '2022-12-15 04:49:17'),
(14, 'PT NIRFALFA IRSYAM MUBARAK', 'M. AGIL RISMAN', 'JL. KOMP. MUTIARA PERMAI BLOK B1, GOWA SULAWESI SELATAN', '-', '64201001517305', 'BRI', '64201002021307', 'BRI', '825545981807000', '2022-12-15 04:49:17', '2022-12-15 04:49:17'),
(15, 'PT NIRHA JAYA TEHNIK', 'H. ALIMUDDIN', 'JL. MUH PALEO II NO. 5A MAKASSAR', '-', '5001002959303', 'BRI', '1500013367501', 'MANDIRI', '769486549805000', '2022-12-15 04:49:17', '2022-12-15 04:49:17'),
(16, 'PT PANRITA UTAMA SEJAHTERA', 'AMBO UPE, ST', 'JL. MUSLIM DG TUTU PERUM D\'TATA TRI RESIDENCE BLOK AI/12', '-', '1520012827883', 'MANDIRI', '-', '-', '315989475806000', '2022-12-15 04:49:17', '2022-12-15 04:49:17'),
(17, 'PT PARAIKATTE KARYA MANDIRI', 'FADLI SUGANDI, S.Pd', 'JL. HERTASNING BARU (AROEPALA) KOMP. PDGI NO. 24 MAKASSAR', '-', '64201001083306', 'BRI', '1004365085', 'BUKOPIN', '22168991804000', '2022-12-15 04:49:17', '2022-12-15 04:49:17'),
(18, 'PT PUTRA WAITUWO MANDIRI', 'HUKMAL', 'JL. BONTOTANGNGA PERUM HERTASNING MADANI BLOK K I & II, GOWA / JL. POROS BONTOTANGGA PAO-PAO.', '-', '64201001321306', 'BRI', '1520016874659', 'MANDIRI', '737671768807000', '2022-12-15 04:49:17', '2022-12-15 04:49:17'),
(19, 'PT SAFAAT MUSMA INDAH', 'A. AMIRUDDIN. SB', 'JL. GOA RIA BTN PEPABRI BLOK A 7 NO. 3 SUDIANG, MAKASSAR', '-', '64201001258309', 'BRI', '1001242365', 'BUKOPIN', '760830737801000', '2022-12-15 04:49:17', '2022-12-15 04:49:17'),
(20, 'PT SAHAM JAYA ELEKTRO', 'DRA.HJ.SAFRIAH', 'JL. PERINTIS KEMERDEKAAN 8 NO. 6 MAKASSAR', '-', '1740000722553', 'MANDIRI', '64201001359309', 'BRI', '760165571801000', '2022-12-15 04:49:17', '2022-12-15 04:49:17'),
(21, 'PT SAMARI BONE RAYA', 'IKHSAN SYAHARUDDIN', 'JL. MANURUKI II PERUM GRIYA SYARTINI BLOK C NO. 12 MAKASSAR', '-', '64201001355305', 'BRI', '1740001533660', 'MANDIRI', '26795641805000', '2022-12-15 04:49:17', '2022-12-15 04:49:17'),
(22, 'PT SETIA GELORA BIMANTARA', 'SUYADI', 'JL. KACONG DG LALANG NO. 138 B GOWA', '-', '1520055685685', 'MANDIRI', '-', '-', '814750915808000', '2022-12-15 04:49:17', '2022-12-15 04:49:17'),
(23, 'PT SINAR TEKNIK MANDIRI', 'HAERUDDIN MANGKA, ST', 'BTP. BLOK. H. JL. KERUKUNAN SELATAN 12 NO. 398 MAKASSAR', '-', '64201001403302', 'BRI', '1520048112599', 'MANDIRI', '733406516801000', '2022-12-15 04:49:17', '2022-12-15 04:49:17'),
(24, 'PT TRIO DARMA NUSANTARA', 'EDI BASO, ST', 'JL. BTN BULURAKENG PERMAI BLOK E5 NO.1 MAKASSAR', '-', '3901003838306', 'BRI', '1520055000505', 'MANDIRI', '752040691801000', '2022-12-15 04:49:17', '2022-12-15 04:49:17'),
(25, 'PT MHI ISTIQOMAH PUTRA', 'FAHMI RAHADI', 'JL. SKARDA N2 NO.12 MAKASSAR', '-', '64201001346306', 'BRI', '64201001420304', 'BRI', '804329910805000', '2022-12-15 04:49:17', '2022-12-15 04:49:17'),
(26, 'PT CAHAYA ALAM TEKNIK', 'AHSAN HASAN', 'Jl. BATARA BIRA RUKO BADDOKA MAS BLOK A NO. 10, MAKASSAR', '-', '64201001305300', 'BRI', '1520080419704', 'MANDIRI', '754933331801000', '2022-12-15 04:49:17', '2022-12-15 04:49:17'),
(27, 'PT FIRMAN MULYA JAYA', 'MUH. MULYAWARMAN M.', 'BTN CITRA DAYA PERMAI NON BLOK A1 KEL. SUDIANG RAYA KEC. BIRINGKANAYA, MAKASSAR', '-', '1520012659559', 'MANDIRI', '64201001247308', 'BRI', '21537774803000', '2022-12-15 04:49:17', '2022-12-15 04:49:17'),
(28, 'PT LUNUR BERKAH PERSADA', 'NURMALUDDIN M.', 'KOMP. RUKO INSIGNIA BTP TAMALANREA BLOK A NO. 7, MAKASSAR', '-', '64201001614301', 'BRI', '1520095314445', 'MANDIRI', '805592755801000', '2022-12-15 04:49:17', '2022-12-15 04:49:17');

--
-- Indexes for dumped tables
--

--
-- Indexes for table `addendums`
--
ALTER TABLE `addendums`
  ADD PRIMARY KEY (`id`);

--
-- Indexes for table `failed_jobs`
--
ALTER TABLE `failed_jobs`
  ADD PRIMARY KEY (`id`),
  ADD UNIQUE KEY `failed_jobs_uuid_unique` (`uuid`);

--
-- Indexes for table `hpes`
--
ALTER TABLE `hpes`
  ADD PRIMARY KEY (`id`);

--
-- Indexes for table `item_rincian_induks`
--
ALTER TABLE `item_rincian_induks`
  ADD PRIMARY KEY (`id`);

--
-- Indexes for table `khs`
--
ALTER TABLE `khs`
  ADD PRIMARY KEY (`id`);

--
-- Indexes for table `kontrak_induks`
--
ALTER TABLE `kontrak_induks`
  ADD PRIMARY KEY (`id`);

--
-- Indexes for table `lokasis`
--
ALTER TABLE `lokasis`
  ADD PRIMARY KEY (`id`);

--
-- Indexes for table `migrations`
--
ALTER TABLE `migrations`
  ADD PRIMARY KEY (`id`);

--
-- Indexes for table `non_pos`
--
ALTER TABLE `non_pos`
  ADD PRIMARY KEY (`id`);

--
-- Indexes for table `order_khs`
--
ALTER TABLE `order_khs`
  ADD PRIMARY KEY (`id`);

--
-- Indexes for table `order_redaksi_k_h_s`
--
ALTER TABLE `order_redaksi_k_h_s`
  ADD PRIMARY KEY (`id`);

--
-- Indexes for table `password_resets`
--
ALTER TABLE `password_resets`
  ADD KEY `password_resets_email_index` (`email`);

--
-- Indexes for table `pejabats`
--
ALTER TABLE `pejabats`
  ADD PRIMARY KEY (`id`);

--
-- Indexes for table `personal_access_tokens`
--
ALTER TABLE `personal_access_tokens`
  ADD PRIMARY KEY (`id`),
  ADD UNIQUE KEY `personal_access_tokens_token_unique` (`token`),
  ADD KEY `personal_access_tokens_tokenable_type_tokenable_id_index` (`tokenable_type`,`tokenable_id`);

--
-- Indexes for table `prks`
--
ALTER TABLE `prks`
  ADD PRIMARY KEY (`id`);

--
-- Indexes for table `rabs`
--
ALTER TABLE `rabs`
  ADD PRIMARY KEY (`id`);

--
-- Indexes for table `rab_non_pos`
--
ALTER TABLE `rab_non_pos`
  ADD PRIMARY KEY (`id`);

--
-- Indexes for table `redaksis`
--
ALTER TABLE `redaksis`
  ADD PRIMARY KEY (`id`);

--
-- Indexes for table `rincian_induks`
--
ALTER TABLE `rincian_induks`
  ADD PRIMARY KEY (`id`);

--
-- Indexes for table `satuans`
--
ALTER TABLE `satuans`
  ADD PRIMARY KEY (`id`);

--
-- Indexes for table `skks`
--
ALTER TABLE `skks`
  ADD PRIMARY KEY (`id`);

--
-- Indexes for table `users`
--
ALTER TABLE `users`
  ADD PRIMARY KEY (`id`),
  ADD UNIQUE KEY `users_email_unique` (`email`);

--
-- Indexes for table `vendors`
--
ALTER TABLE `vendors`
  ADD PRIMARY KEY (`id`);

--
-- AUTO_INCREMENT for dumped tables
--

--
-- AUTO_INCREMENT for table `addendums`
--
ALTER TABLE `addendums`
  MODIFY `id` bigint UNSIGNED NOT NULL AUTO_INCREMENT, AUTO_INCREMENT=25;

--
-- AUTO_INCREMENT for table `failed_jobs`
--
ALTER TABLE `failed_jobs`
  MODIFY `id` bigint UNSIGNED NOT NULL AUTO_INCREMENT;

--
-- AUTO_INCREMENT for table `hpes`
--
ALTER TABLE `hpes`
  MODIFY `id` bigint UNSIGNED NOT NULL AUTO_INCREMENT;

--
-- AUTO_INCREMENT for table `item_rincian_induks`
--
ALTER TABLE `item_rincian_induks`
  MODIFY `id` bigint UNSIGNED NOT NULL AUTO_INCREMENT, AUTO_INCREMENT=3;

--
-- AUTO_INCREMENT for table `khs`
--
ALTER TABLE `khs`
  MODIFY `id` bigint UNSIGNED NOT NULL AUTO_INCREMENT, AUTO_INCREMENT=3;

--
-- AUTO_INCREMENT for table `kontrak_induks`
--
ALTER TABLE `kontrak_induks`
  MODIFY `id` bigint UNSIGNED NOT NULL AUTO_INCREMENT, AUTO_INCREMENT=34;

--
-- AUTO_INCREMENT for table `lokasis`
--
ALTER TABLE `lokasis`
  MODIFY `id` bigint UNSIGNED NOT NULL AUTO_INCREMENT, AUTO_INCREMENT=62;

--
-- AUTO_INCREMENT for table `migrations`
--
ALTER TABLE `migrations`
  MODIFY `id` int UNSIGNED NOT NULL AUTO_INCREMENT, AUTO_INCREMENT=23;

--
-- AUTO_INCREMENT for table `non_pos`
--
ALTER TABLE `non_pos`
  MODIFY `id` bigint UNSIGNED NOT NULL AUTO_INCREMENT;

--
-- AUTO_INCREMENT for table `order_khs`
--
ALTER TABLE `order_khs`
  MODIFY `id` bigint UNSIGNED NOT NULL AUTO_INCREMENT, AUTO_INCREMENT=197;

--
-- AUTO_INCREMENT for table `order_redaksi_k_h_s`
--
ALTER TABLE `order_redaksi_k_h_s`
  MODIFY `id` bigint UNSIGNED NOT NULL AUTO_INCREMENT, AUTO_INCREMENT=61;

--
-- AUTO_INCREMENT for table `pejabats`
--
ALTER TABLE `pejabats`
  MODIFY `id` bigint UNSIGNED NOT NULL AUTO_INCREMENT, AUTO_INCREMENT=10;

--
-- AUTO_INCREMENT for table `personal_access_tokens`
--
ALTER TABLE `personal_access_tokens`
  MODIFY `id` bigint UNSIGNED NOT NULL AUTO_INCREMENT;

--
-- AUTO_INCREMENT for table `prks`
--
ALTER TABLE `prks`
  MODIFY `id` bigint UNSIGNED NOT NULL AUTO_INCREMENT, AUTO_INCREMENT=6;

--
-- AUTO_INCREMENT for table `rabs`
--
ALTER TABLE `rabs`
  MODIFY `id` bigint UNSIGNED NOT NULL AUTO_INCREMENT, AUTO_INCREMENT=33;

--
-- AUTO_INCREMENT for table `rab_non_pos`
--
ALTER TABLE `rab_non_pos`
  MODIFY `id` bigint UNSIGNED NOT NULL AUTO_INCREMENT;

--
-- AUTO_INCREMENT for table `redaksis`
--
ALTER TABLE `redaksis`
  MODIFY `id` bigint UNSIGNED NOT NULL AUTO_INCREMENT, AUTO_INCREMENT=8;

--
-- AUTO_INCREMENT for table `rincian_induks`
--
ALTER TABLE `rincian_induks`
  MODIFY `id` bigint UNSIGNED NOT NULL AUTO_INCREMENT, AUTO_INCREMENT=164;

--
-- AUTO_INCREMENT for table `satuans`
--
ALTER TABLE `satuans`
  MODIFY `id` bigint UNSIGNED NOT NULL AUTO_INCREMENT, AUTO_INCREMENT=18;

--
-- AUTO_INCREMENT for table `skks`
--
ALTER TABLE `skks`
  MODIFY `id` bigint UNSIGNED NOT NULL AUTO_INCREMENT, AUTO_INCREMENT=4;

--
-- AUTO_INCREMENT for table `users`
--
ALTER TABLE `users`
  MODIFY `id` bigint UNSIGNED NOT NULL AUTO_INCREMENT;

--
-- AUTO_INCREMENT for table `vendors`
--
ALTER TABLE `vendors`
  MODIFY `id` bigint UNSIGNED NOT NULL AUTO_INCREMENT, AUTO_INCREMENT=29;
COMMIT;

/*!40101 SET CHARACTER_SET_CLIENT=@OLD_CHARACTER_SET_CLIENT */;
/*!40101 SET CHARACTER_SET_RESULTS=@OLD_CHARACTER_SET_RESULTS */;
/*!40101 SET COLLATION_CONNECTION=@OLD_COLLATION_CONNECTION */;
